file_name,n_neurons,experiment_name,time_windows,frequency,date,subject,region,species,experiment_type,investigator
MM_20220228_secondsite.pickle,140,2nd site 2 Hz_2022-02-28_17-48-17,"[[134.90673333333334, 223.40586666666667]]",2,"['20220228', 'secondsite']",V649♀,NCM,zebra finch,mag,DJP
MM_20220228_secondsite.pickle,140,2nd site 5 Hz_2022-02-28_17-50-52,"[[278.9171666666667, 343.91706666666664]]",5,"['20220228', 'secondsite']",V649♀,NCM,zebra finch,mag,DJP
MM_20220228_secondsite.pickle,140,2nd site 10 Hz_2022-02-28_17-53-18,"[[381.383, 414.38196666666664]]",10,"['20220228', 'secondsite']",V649♀,NCM,zebra finch,mag,DJP
MM_20220228_secondsite.pickle,140,2nd site 1 Hz_2022-02-28_17-54-46,"[[446.5148, 524.5150333333333]]",1,"['20220228', 'secondsite']",V649♀,NCM,zebra finch,mag,DJP
MM_20220228_firstsite.pickle,67,5Hz_2022-02-28_16-06-03,"[[117.2376, 170.8399]]",5,['20220228'],V649♀,NCM,zebra finch,mag,DJP
MM_20220228_firstsite.pickle,67,10 Hz_2022-02-28_16-21-40,"[[209.7203, 274.2230333333333]]",10,['20220228'],V649♀,NCM,zebra finch,mag,DJP
MM_20220228_firstsite.pickle,67,2 Hz_2022-02-28_16-25-47,"[[328.8917, 394.3933666666667]]",2,['20220228'],V649♀,NCM,zebra finch,mag,DJP
MM_20230415.pickle,494,2023-04-15_15-56-12_W1R_mag2,"[[38.15496666666667, 89.65633333333334]]",2,['20230415'],W1R (Roca),Centromedial part of craniotomy,Pigeon,mag,DJP
MM_20230415.pickle,494,2023-04-15_16-06-20_W1R_mag2_inclined,"[[486.8865333333333, 547.8882666666667]]",2,['20230415'],W1R (Roca),"Approximately Septal HP, posterocentralsection of craniotomy",Pigeon,mag,DJP
MM_20230415.pickle,494,2023-04-15_15-57-55_W1R_mag3,"[[120.7887, 180.79046666666667]]",3,['20230415'],W1R (Roca),"Approximately Septal HP, posterocentralsection of craniotomy",Pigeon,mag,DJP
MM_20230415.pickle,494,2023-04-15_16-03-43_W1R_mag3_inclined,"[[393.8961, 453.2308]]",3,['20230415'],W1R (Roca),"Approximately Septal HP, posterocentralsection of craniotomy",Pigeon,mag,DJP
MM_20230415.pickle,494,2023-04-15_15-59-40_W1R_mag8,"[[211.43563333333333, 271.18533333333335]]",8,['20230415'],W1R (Roca),"Approximately Septal HP, posterocentralsection of craniotomy",Pigeon,mag,DJP
MM_20230415.pickle,494,2023-04-15_16-01-59_W1R_mag8_inclined,"[[301.9055666666667, 362.7804]]",8,['20230415'],W1R (Roca),"Approximately Septal HP, posterocentralsection of craniotomy",Pigeon,mag,DJP
MM_20230415.pickle,494,2023-04-15_16-37-23_W1R_3D_WN_Samechan,"[[2267.428430573885, 2567.428430573885]]",0.8,['20230415'],W1R (Roca),"Approximately Septal HP, posterocentralsection of craniotomy",Pigeon,positive control,DJP
MM_20230415.pickle,494,2023-04-15_16-08-19_W1R_visual_3Hz0,"[[579.5368679597414, 641.5365996533333]]",3,['20230415'],W1R (Roca),"Approximately Septal HP, posterocentralsection of craniotomy",Pigeon,positive control,DJP
MM_20230415.pickle,494,2023-04-15_16-08-19_W1R_visual_3Hz45,"[[646.8868436646004, 713.2367727121242]]",3,['20230415'],W1R (Roca),"Approximately Septal HP, posterocentralsection of craniotomy",Pigeon,positive control,DJP
MM_20230415.pickle,494,2023-04-15_16-08-19_W1R_visual_3Hz270,"[[718.5530207425182, 784.9039664867026]]",3,['20230415'],W1R (Roca),"Approximately Septal HP, posterocentralsection of craniotomy",Pigeon,positive control,DJP
MM_20230415.pickle,494,2023-04-15_16-08-19_W1R_visual_3Hz90,"[[790.2366332133813, 856.5701325534892]]",3,['20230415'],W1R (Roca),"Approximately Septal HP, posterocentralsection of craniotomy",Pigeon,positive control,DJP
MM_20230415.pickle,494,2023-04-15_16-08-19_W1R_visual_3Hz225,"[[861.9043757381856, 928.2541414434227]]",3,['20230415'],W1R (Roca),"Approximately Septal HP, posterocentralsection of craniotomy",Pigeon,positive control,DJP
MM_20230415.pickle,494,2023-04-15_16-08-19_W1R_visual_3Hz180,"[[933.5865459108179, 999.9044144504433]]",3,['20230415'],W1R (Roca),"Approximately Septal HP, posterocentralsection of craniotomy",Pigeon,positive control,DJP
MM_20230415.pickle,494,2023-04-15_16-08-19_W1R_visual_3Hz135,"[[1005.2376632740119, 1071.5877347261096]]",3,['20230415'],W1R (Roca),"Approximately Septal HP, posterocentralsection of craniotomy",Pigeon,positive control,DJP
MM_20230415.pickle,494,2023-04-15_16-08-19_W1R_visual_3Hz315,"[[1076.9038070185964, 1143.2547642471507]]",3,['20230415'],W1R (Roca),"Approximately Septal HP, posterocentralsection of craniotomy",Pigeon,positive control,DJP
MM_20230415.pickle,494,2023-04-15_16-19-13_W1R_visual_2Hz45,"[[1215.2744792374858, 1310.7587008]]",2,['20230415'],W1R (Roca),"Approximately Septal HP, posterocentralsection of craniotomy",Pigeon,positive control,DJP
MM_20230415.pickle,494,2023-04-15_16-19-13_W1R_visual_2Hz0,"[[1316.2589242618144, 1415.7593333333334]]",2,['20230415'],W1R (Roca),"Approximately Septal HP, posterocentralsection of craniotomy",Pigeon,positive control,DJP
MM_20230415.pickle,494,2023-04-15_16-19-13_W1R_visual_2Hz315,"[[1421.276487578302, 1520.7920337333335]]",2,['20230415'],W1R (Roca),"Approximately Septal HP, posterocentralsection of craniotomy",Pigeon,positive control,DJP
MM_20230415.pickle,494,2023-04-15_16-19-13_W1R_visual_2Hz225,"[[1526.309257921749, 1625.8097003266014]]",2,['20230415'],W1R (Roca),"Approximately Septal HP, posterocentralsection of craniotomy",Pigeon,positive control,DJP
MM_20230415.pickle,494,2023-04-15_16-19-13_W1R_visual_2Hz180,"[[1631.3269577351198, 1730.8274668066388]]",2,['20230415'],W1R (Roca),"Approximately Septal HP, posterocentralsection of craniotomy",Pigeon,positive control,DJP
MM_20230415.pickle,494,2023-04-15_16-19-13_W1R_visual_2Hz90,"[[1736.343617136573, 1835.8432332133332]]",2,['20230415'],W1R (Roca),"Approximately Septal HP, posterocentralsection of craniotomy",Pigeon,positive control,DJP
MM_20230415.pickle,494,2023-04-15_16-19-13_W1R_visual_2Hz135,"[[1841.3774913950542, 1940.8780670665865]]",2,['20230415'],W1R (Roca),"Approximately Septal HP, posterocentralsection of craniotomy",Pigeon,positive control,DJP
MM_20230415.pickle,494,2023-04-15_16-19-13_W1R_visual_2Hz270,"[[1946.3942911617676, 2045.8938668266667]]",2,['20230415'],W1R (Roca),"Approximately Septal HP, posterocentralsection of craniotomy",Pigeon,positive control,DJP
MM_20230414_firstsite.pickle,797,2023-04-14_14-28-40_W25R_mag2,"[[99.36566666666667, 150.8645]]",2,"['20230414', 'firstsite']",W25R (Rocco),"HP, posteromedial part of craniotomy",Pigeon,mag,DJP
MM_20230414_firstsite.pickle,797,2023-04-14_14-47-16_W25R_mag2_inclined_lightson,"[[983.8922, 1122.8947666666666]]",2,"['20230414', 'firstsite']",W25R (Rocco),"HP, posteromedial part of craniotomy",Pigeon,mag,DJP
MM_20230414_firstsite.pickle,797,2023-04-14_14-50-42_W25R_mag2_lightson,"[[1155.1937, 1256.6970666666666]]",2,"['20230414', 'firstsite']",W25R (Rocco),"HP, posteromedial part of craniotomy",Pigeon,mag,DJP
MM_20230414_firstsite.pickle,797,2023-04-14_14-30-22_W25R_mag3,"[[184.59486666666666, 243.26333333333332]]",3,"['20230414', 'firstsite']",W25R (Rocco),"HP, posteromedial part of craniotomy",Pigeon,mag,DJP
MM_20230414_firstsite.pickle,797,2023-04-14_14-44-59_W25R_mag3_inclined_lightson,"[[859.91, 952.5771]]",3,"['20230414', 'firstsite']",W25R (Rocco),"HP, posteromedial part of craniotomy",Pigeon,mag,DJP
MM_20230414_firstsite.pickle,797,2023-04-14_14-53-11_W25R_mag3_lightson,"[[1300.8647666666666, 1412.5336666666667]]",3,"['20230414', 'firstsite']",W25R (Rocco),"HP, posteromedial part of craniotomy",Pigeon,mag,DJP
MM_20230414_firstsite.pickle,797,2023-04-14_14-32-14_W25R_mag5,"[[281.57683333333335, 336.77813333333336]]",5,"['20230414', 'firstsite']",W25R (Rocco),"HP, posteromedial part of craniotomy",Pigeon,mag,DJP
MM_20230414_firstsite.pickle,797,2023-04-14_14-42-29_W25R_mag5_inclined_lightson,"[[762.2201666666666, 828.219]]",5,"['20230414', 'firstsite']",W25R (Rocco),"HP, posteromedial part of craniotomy",Pigeon,mag,DJP
MM_20230414_firstsite.pickle,797,2023-04-14_14-34-11_W25R_mag8,"[[379.89146666666664, 427.6435]]",8,"['20230414', 'firstsite']",W25R (Rocco),"HP, posteromedial part of craniotomy",Pigeon,mag,DJP
MM_20230414_firstsite.pickle,797,2023-04-14_14-37-41_W25R_mag8_inclined_lightson,"[[637.0811333333334, 697.9557333333333]]",8,"['20230414', 'firstsite']",W25R (Rocco),"HP, posteromedial part of craniotomy",Pigeon,mag,DJP
MM_20230414_firstsite.pickle,797,2023-04-14_14-56-27_W25R_WN_IndepCh,"[[1423.3283438712256, 1723.3283438712256]]",0.8,"['20230414', 'firstsite']",W25R (Rocco),"HP, posteromedial part of craniotomy",Pigeon,positive control,DJP
MM_20230414_firstsite.pickle,797,2023-04-14_15-01-52_W25R_WN_SameCh,"[[1748.4448406118775, 2048.4448406118777]]",0.8,"['20230414', 'firstsite']",W25R (Rocco),"HP, posteromedial part of craniotomy",Pigeon,positive control,DJP
MM_20230414_firstsite.pickle,797,2023-04-14_15-20-44_W25R_visual_2Hz45,"[[2854.2977352, 2944.681653022729]]",2,"['20230414', 'firstsite']",W25R (Rocco),"HP, posteromedial part of craniotomy",Pigeon,positive control,DJP
MM_20230414_firstsite.pickle,797,2023-04-14_15-20-44_W25R_visual_2Hz0,"[[2950.197904146667, 3049.4982435046327]]",2,"['20230414', 'firstsite']",W25R (Rocco),"HP, posteromedial part of craniotomy",Pigeon,positive control,DJP
MM_20230414_firstsite.pickle,797,2023-04-14_15-20-44_W25R_visual_2Hz315,"[[3055.048502452843, 3154.548862295082]]",2,"['20230414', 'firstsite']",W25R (Rocco),"HP, posteromedial part of craniotomy",Pigeon,positive control,DJP
MM_20230414_firstsite.pickle,797,2023-04-14_15-20-44_W25R_visual_2Hz225,"[[3160.0651637733336, 3259.5825436912614]]",2,"['20230414', 'firstsite']",W25R (Rocco),"HP, posteromedial part of craniotomy",Pigeon,positive control,DJP
MM_20230414_firstsite.pickle,797,2023-04-14_15-20-44_W25R_visual_2Hz180,"[[3265.1827733653267, 3364.6831824368455]]",2,"['20230414', 'firstsite']",W25R (Rocco),"HP, posteromedial part of craniotomy",Pigeon,positive control,DJP
MM_20230414_firstsite.pickle,797,2023-04-14_15-20-44_W25R_visual_2Hz90,"[[3370.199439798707, 3469.68388146]]",2,"['20230414', 'firstsite']",W25R (Rocco),"HP, posteromedial part of craniotomy",Pigeon,positive control,DJP
MM_20230414_firstsite.pickle,797,2023-04-14_15-20-44_W25R_visual_2Hz135,"[[3475.216969718779, 3574.7336160967807]]",2,"['20230414', 'firstsite']",W25R (Rocco),"HP, posteromedial part of craniotomy",Pigeon,positive control,DJP
MM_20230414_firstsite.pickle,797,2023-04-14_15-20-44_W25R_visual_2Hz270,"[[3580.2338727121246, 3679.7504136]]",2,"['20230414', 'firstsite']",W25R (Rocco),"HP, posteromedial part of craniotomy",Pigeon,positive control,DJP
MM_20230414_firstsite.pickle,797,2023-04-14_15-10-38_W25R_visual_3Hz0,"[[2242.613953875891, 2301.9475222422184]]",3,"['20230414', 'firstsite']",W25R (Rocco),"HP, posteromedial part of craniotomy",Pigeon,positive control,DJP
MM_20230414_firstsite.pickle,797,2023-04-14_15-10-38_W25R_visual_3Hz45,"[[2307.280771065787, 2373.630666779977]]",3,"['20230414', 'firstsite']",W25R (Rocco),"HP, posteromedial part of craniotomy",Pigeon,positive control,DJP
MM_20230414_firstsite.pickle,797,2023-04-14_15-10-38_W25R_visual_3Hz270,"[[2378.9638848030395, 2445.2977771912288]]",3,"['20230414', 'firstsite']",W25R (Rocco),"HP, posteromedial part of craniotomy",Pigeon,positive control,DJP
MM_20230414_firstsite.pickle,797,2023-04-14_15-10-38_W25R_visual_3Hz90,"[[2450.6480268079717, 2516.9809043391324]]",3,"['20230414', 'firstsite']",W25R (Rocco),"HP, posteromedial part of craniotomy",Pigeon,positive control,DJP
MM_20230414_firstsite.pickle,797,2023-04-14_15-10-38_W25R_visual_3Hz225,"[[2522.2811356795305, 2588.632031440379]]",3,"['20230414', 'firstsite']",W25R (Rocco),"HP, posteromedial part of craniotomy",Pigeon,positive control,DJP
MM_20230414_firstsite.pickle,797,2023-04-14_15-10-38_W25R_visual_3Hz180,"[[2594.148288802239, 2660.465175884823]]",3,"['20230414', 'firstsite']",W25R (Rocco),"HP, posteromedial part of craniotomy",Pigeon,positive control,DJP
MM_20230414_firstsite.pickle,797,2023-04-14_15-10-38_W25R_visual_3Hz135,"[[2666.1314140038658, 2732.4653219756046]]",3,"['20230414', 'firstsite']",W25R (Rocco),"HP, posteromedial part of craniotomy",Pigeon,positive control,DJP
MM_20230414_firstsite.pickle,797,2023-04-14_15-10-38_W25R_visual_3Hz315,"[[2737.899562507498, 2804.215489922016]]",3,"['20230414', 'firstsite']",W25R (Rocco),"HP, posteromedial part of craniotomy",Pigeon,positive control,DJP
MM_20230413_secondsite.pickle,592,2023-04-13_17-04-34_W25R_second_site_mag2_inclined,"[[31.3465, 89.84713333333333]]",2,['20230413'],W25R (Rocco),centromedial part of craniotomy,Pigeon,mag,DJP
MM_20230413_secondsite.pickle,592,2023-04-13_17-18-59_W25R_second_site_mag2,"[[726.5879, 825.5915]]",2,['20230413'],W25R (Rocco),centromedial part of craniotomy,Pigeon,mag,DJP
MM_20230413_secondsite.pickle,592,2023-04-13_17-06-27_W25R_second_site_mag3_inclined,"[[121.76273333333333, 180.76536666666667]]",3,['20230413'],W25R (Rocco),centromedial part of craniotomy,Pigeon,mag,DJP
MM_20230413_secondsite.pickle,592,2023-04-13_17-17-14_W25R_second_site_mag3,"[[638.1153666666667, 696.118]]",3,['20230413'],W25R (Rocco),centromedial part of craniotomy,Pigeon,mag,DJP
MM_20230413_secondsite.pickle,592,2023-04-13_17-10-21_W25R_second_site_mag8_inclined,"[[315.47523333333334, 394.1028]]",8,['20230413'],W25R (Rocco),centromedial part of craniotomy,Pigeon,mag,DJP
MM_20230413_secondsite.pickle,592,2023-04-13_17-13-18_W25R_second_site_mag8,"[[455.4279666666667, 517.3047666666666]]",8,['20230413'],W25R (Rocco),centromedial part of craniotomy,Pigeon,mag,DJP
MM_20230413_secondsite.pickle,592,2023-04-13_17-15-32_W25R_second_site_mag5,"[[554.4058666666666, 605.2081333333333]]",5,['20230413'],W25R (Rocco),centromedial part of craniotomy,Pigeon,mag,DJP
MM_20230413_secondsite.pickle,592,2023-04-13_17-21-57_W25R_second_site_WN_SamCh,"[[844.116630787176, 1144.1166307871758]]",0.8,"['20230413', 'secondsite']",W25R (Rocco),centromedial part of craniotomy,Pigeon,positive control,DJP
MM_20230413_secondsite.pickle,592,2023-04-13_17-42-25_W25R_second_site_WN_IndepChan,"[[1972.7326407718456, 2272.7326407718456]]",0.8,"['20230413', 'secondsite']",W25R (Rocco),centromedial part of craniotomy,Pigeon,positive control,DJP
MM_20230413_secondsite.pickle,592,2023-04-13_17-31-40_W25R_second_site_visual_movinggratings3Hz0,"[[1351.4530629807373, 1411.7859112444178]]",3,"['20230413', 'secondsite']",W25R (Rocco),centromedial part of craniotomy,Pigeon,positive control,DJP
MM_20230413_secondsite.pickle,592,2023-04-13_17-31-40_W25R_second_site_visual_movinggratings3Hz45,"[[1417.1201601146438, 1483.4362209091514]]",3,"['20230413', 'secondsite']",W25R (Rocco),centromedial part of craniotomy,Pigeon,positive control,DJP
MM_20230413_secondsite.pickle,592,2023-04-13_17-31-40_W25R_second_site_visual_movinggratings3Hz270,"[[1488.7694844564421, 1555.103588229021]]",3,"['20230413', 'secondsite']",W25R (Rocco),centromedial part of craniotomy,Pigeon,positive control,DJP
MM_20230413_secondsite.pickle,592,2023-04-13_17-31-40_W25R_second_site_visual_movinggratings3Hz90,"[[1560.4200771824603, 1626.7539410317938]]",3,"['20230413', 'secondsite']",W25R (Rocco),centromedial part of craniotomy,Pigeon,positive control,DJP
MM_20230413_secondsite.pickle,592,2023-04-13_17-31-40_W25R_second_site_visual_movinggratings3Hz225,"[[1632.0871898553623, 1698.4042840298607]]",3,"['20230413', 'secondsite']",W25R (Rocco),centromedial part of craniotomy,Pigeon,positive control,DJP
MM_20230413_secondsite.pickle,592,2023-04-13_17-31-40_W25R_second_site_visual_movinggratings3Hz180,"[[1703.7535479237488, 1770.0876516430048]]",3,"['20230413', 'secondsite']",W25R (Rocco),centromedial part of craniotomy,Pigeon,positive control,DJP
MM_20230413_secondsite.pickle,592,2023-04-13_17-31-40_W25R_second_site_visual_movinggratings3Hz135,"[[1775.386909091515, 1841.7379715190295]]",3,"['20230413', 'secondsite']",W25R (Rocco),centromedial part of craniotomy,Pigeon,positive control,DJP
MM_20230413_secondsite.pickle,592,2023-04-13_17-31-40_W25R_second_site_visual_movinggratings3Hz315,"[[1847.0711302539494, 1913.4042936346063]]",3,"['20230413', 'secondsite']",W25R (Rocco),centromedial part of craniotomy,Pigeon,positive control,DJP
MM_20230413_secondsite.pickle,592,2023-04-13_17-48-00_W25R_second_site_movinggratings_2Hz45,"[[2299.4976537959074, 2392.998916303406]]",2,"['20230413', 'secondsite']",W25R (Rocco),centromedial part of craniotomy,Pigeon,positive control,DJP
MM_20230413_secondsite.pickle,592,2023-04-13_17-48-00_W25R_second_site_movinggratings_2Hz0,"[[2398.5321410702386, 2498.0147184933335]]",2,"['20230413', 'secondsite']",W25R (Rocco),centromedial part of craniotomy,Pigeon,positive control,DJP
MM_20230413_secondsite.pickle,592,2023-04-13_17-48-00_W25R_second_site_movinggratings_2Hz315,"[[2503.5489419716055, 2603.032482503499]]",2,"['20230413', 'secondsite']",W25R (Rocco),centromedial part of craniotomy,Pigeon,positive control,DJP
MM_20230413_secondsite.pickle,592,2023-04-13_17-48-00_W25R_second_site_movinggratings_2Hz225,"[[2608.5497065786844, 2708.066216396721]]",2,"['20230413', 'secondsite']",W25R (Rocco),centromedial part of craniotomy,Pigeon,positive control,DJP
MM_20230413_secondsite.pickle,592,2023-04-13_17-48-00_W25R_second_site_movinggratings_2Hz180,"[[2713.565439678731, 2813.082916163434]]",2,"['20230413', 'secondsite']",W25R (Rocco),centromedial part of craniotomy,Pigeon,positive control,DJP
MM_20230413_secondsite.pickle,592,2023-04-13_17-48-00_W25R_second_site_movinggratings_2Hz90,"[[2818.600172585483, 2918.083581850297]]",2,"['20230413', 'secondsite']",W25R (Rocco),centromedial part of craniotomy,Pigeon,positive control,DJP
MM_20230413_secondsite.pickle,592,2023-04-13_17-48-00_W25R_second_site_movinggratings_2Hz135,"[[2923.6168390533335, 3023.1012509866664]]",2,"['20230413', 'secondsite']",W25R (Rocco),centromedial part of craniotomy,Pigeon,positive control,DJP
MM_20230413_secondsite.pickle,592,2023-04-13_17-48-00_W25R_second_site_movinggratings_2Hz270,"[[3028.616505692195, 3128.1169480503895]]",2,"['20230413', 'secondsite']",W25R (Rocco),centromedial part of craniotomy,Pigeon,positive control,DJP
MM_20230413_firstsite.pickle,814,2023-04-13_15-08-42_W25R_Mag2,"[[31.57046666666667, 94.069]]",2,"['20230413', 'firstsite']",W25R (Rocco),centrolateral part of craniotomy,Pigeon,mag,DJP
MM_20230413_firstsite.pickle,814,2023-04-13_15-19-07_W25R_Mag2_inclined,"[[3081.7401333333332, 3139.7399333333333]]",2,"['20230413', 'firstsite']",W25R (Rocco),centrolateral part of craniotomy,Pigeon,mag,DJP
MM_20230413_firstsite.pickle,814,2023-04-13_15-11-11_W25R_Mag3,"[[3371.670633333333, 3434.670633333333]]",3,"['20230413', 'firstsite']",W25R (Rocco),centrolateral part of craniotomy,Pigeon,mag,DJP
MM_20230413_firstsite.pickle,814,2023-04-13_15-22-55_W25R_Mag3_inclined,"[[2896.7201333333333, 2958.7229333333335]]",3,"['20230413', 'firstsite']",W25R (Rocco),centrolateral part of craniotomy,Pigeon,mag,DJP
MM_20230413_firstsite.pickle,814,2023-04-13_15-25-47_W25R_Mag3_inclined_repositioned,"[[2807.6857, 2865.3553]]",3,"['20230413', 'firstsite']",W25R (Rocco),centrolateral part of craniotomy,Pigeon,mag,DJP
MM_20230413_firstsite.pickle,814,2023-04-13_15-13-11_W25R_Mag8,"[[3276.527666666667, 3341.0297333333333]]",8,"['20230413', 'firstsite']",W25R (Rocco),centrolateral part of craniotomy,Pigeon,mag,DJP
MM_20230413_firstsite.pickle,814,2023-04-13_15-29-41_W25R_Mag8_inclined_repositioned,"[[2598.6590333333334, 2658.4118]]",8,"['20230413', 'firstsite']",W25R (Rocco),centrolateral part of craniotomy,Pigeon,mag,DJP
MM_20230413_firstsite.pickle,814,2023-04-13_15-15-40_W25R_Mag5,"[[3181.2259, 3245.828033333333]]",5,"['20230413', 'firstsite']",W25R (Rocco),centrolateral part of craniotomy,Pigeon,mag,DJP
MM_20230413_firstsite.pickle,814,2023-04-13_15-27-50_W25R_Mag5_inclined_repositioned_redo,"[[2722.6211, 2775.4225333333334]]",5,"['20230413', 'firstsite']",W25R (Rocco),centrolateral part of craniotomy,Pigeon,mag,DJP
MM_20230413_firstsite.pickle,814,2023-04-13_15-49-48_W25R_visual_3Hz0,"[[1008.2341140971806, 1062.233374785043]]",3,"['20230413', 'firstsite']",W25R (Rocco),centrolateral part of craniotomy,Pigeon,positive control,DJP
MM_20230413_firstsite.pickle,814,2023-04-13_15-49-48_W25R_visual_3Hz45,"[[1067.58362092, 1133.9174403719255]]",3,"['20230413', 'firstsite']",W25R (Rocco),centrolateral part of craniotomy,Pigeon,positive control,DJP
MM_20230413_firstsite.pickle,814,2023-04-13_15-49-48_W25R_visual_3Hz270,"[[1139.2516537066665, 1205.584774037052]]",3,"['20230413', 'firstsite']",W25R (Rocco),centrolateral part of craniotomy,Pigeon,positive control,DJP
MM_20230413_firstsite.pickle,814,2023-04-13_15-49-48_W25R_visual_3Hz90,"[[1210.9176864533333, 1277.2515059199998]]",3,"['20230413', 'firstsite']",W25R (Rocco),centrolateral part of craniotomy,Pigeon,positive control,DJP
MM_20230413_firstsite.pickle,814,2023-04-13_15-49-48_W25R_visual_3Hz225,"[[1282.584719236153, 1348.9185386922616]]",3,"['20230413', 'firstsite']",W25R (Rocco),centrolateral part of craniotomy,Pigeon,positive control,DJP
MM_20230413_firstsite.pickle,814,2023-04-13_15-49-48_W25R_visual_3Hz180,"[[1354.2517519866665, 1420.58560479904]]",3,"['20230413', 'firstsite']",W25R (Rocco),centrolateral part of craniotomy,Pigeon,positive control,DJP
MM_20230413_firstsite.pickle,814,2023-04-13_15-49-48_W25R_visual_3Hz135,"[[1425.9018174266666, 1492.23570352]]",3,"['20230413', 'firstsite']",W25R (Rocco),centrolateral part of craniotomy,Pigeon,positive control,DJP
MM_20230413_firstsite.pickle,814,2023-04-13_15-49-48_W25R_visual_3Hz315,"[[1497.5529161967606, 1563.8857689600002]]",3,"['20230413', 'firstsite']",W25R (Rocco),centrolateral part of craniotomy,Pigeon,positive control,DJP
MM_20230413_firstsite.pickle,814,2023-04-13_16-00-46_W25R_visual_2Hz0,"[[128.14306414717058, 219.6420661601013]]",2,"['20230413', 'firstsite']",W25R (Rocco),centrolateral part of craniotomy,Pigeon,positive control,DJP
MM_20230413_firstsite.pickle,814,2023-04-13_16-00-46_W25R_visual_2Hz45,"[[225.57534297807103, 325.0927194627741]]",2,"['20230413', 'firstsite']",W25R (Rocco),centrolateral part of craniotomy,Pigeon,positive control,DJP
MM_20230413_firstsite.pickle,814,2023-04-13_16-00-46_W25R_visual_2Hz270,"[[331.6100011466667, 431.09280018659206]]",2,"['20230413', 'firstsite']",W25R (Rocco),centrolateral part of craniotomy,Pigeon,positive control,DJP
MM_20230413_firstsite.pickle,814,2023-04-13_16-00-46_W25R_visual_2Hz90,"[[437.4096598746917, 536.9270697393855]]",2,"['20230413', 'firstsite']",W25R (Rocco),centrolateral part of craniotomy,Pigeon,positive control,DJP
MM_20230413_firstsite.pickle,814,2023-04-13_16-00-46_W25R_visual_2Hz225,"[[545.6604439112177, 645.143885476238]]",2,"['20230413', 'firstsite']",W25R (Rocco),centrolateral part of craniotomy,Pigeon,positive control,DJP
MM_20230413_firstsite.pickle,814,2023-04-13_16-00-46_W25R_visual_2Hz180,"[[654.1441394508863, 753.6607797066666]]",2,"['20230413', 'firstsite']",W25R (Rocco),centrolateral part of craniotomy,Pigeon,positive control,DJP
MM_20230413_firstsite.pickle,814,2023-04-13_16-00-46_W25R_visual_2Hz135,"[[759.7110308671598, 859.1944724788375]]",2,"['20230413', 'firstsite']",W25R (Rocco),centrolateral part of craniotomy,Pigeon,positive control,DJP
MM_20230413_firstsite.pickle,814,2023-04-13_16-00-46_W25R_visual_2Hz315,"[[865.2277539625409, 964.7282297007265]]",2,"['20230413', 'firstsite']",W25R (Rocco),centrolateral part of craniotomy,Pigeon,positive control,DJP
MM_20230413_firstsite.pickle,814,2023-04-13_15-39-50_W25R_WN_SameCh,"[[1886.8161778333333, 2186.8161778333333]]",0.8,"['20230413', 'firstsite']",W25R (Rocco),centrolateral part of craniotomy,Pigeon,positive control,DJP
MM_20230413_firstsite.pickle,814,2023-04-13_15-34-21_W25R_WN_IndepCh_redo,"[[2198.1403530666666, 2498.140353066667]]",0.8,"['20230413', 'firstsite']",W25R (Rocco),centrolateral part of craniotomy,Pigeon,positive control,DJP
MM_20230228.pickle,683,mag2_inclined_2023-02-28_17-12-50,"[[42.270833333333336, 75.7708]]",2,['20230228'],Pk12L,cerebellum,Pigeon,mag,DJP
MM_20230228.pickle,683,mag2_inclined_lightson_2023-02-28_17-14-38,"[[108.1923, 139.19423333333333]]",2,['20230228'],Pk12L,cerebellum,Pigeon,mag,DJP
MM_20230228.pickle,683,mag2_lightson_2023-02-28_17-18-29,"[[232.93733333333333, 268.13826666666665]]",2,['20230228'],Pk12L,cerebellum,Pigeon,mag,DJP
MM_20230228.pickle,683,mag2real_lightson_2023-02-28_17-20-26,"[[299.66583333333335, 341.66693333333336]]",2,['20230228'],Pk12L,cerebellum,Pigeon,mag,DJP
MM_20230228.pickle,683,mag5_inclined_lightson_2023-02-28_17-16-04,"[[175.96713333333332, 200.56666666666666]]",5,['20230228'],Pk12L,cerebellum,Pigeon,mag,DJP
MM_20230228.pickle,683,WN_2023-02-28_17-39-32,"[[1261.8206449066665, 1266.8206449066665], [1274.7068917016595, 1279.7068917016595], [1283.4080986935946, 1288.4080986935946], [1308.0315609466668, 1313.0315609466668], [1323.8649080183964, 1328.8649080183964], [1337.9081555088983, 1342.9081555088983], [1357.8755587466667, 1362.8755587466667], [1462.171673665267, 1467.171673665267], [1473.8229377599998, 1478.8229377599998], [1484.480119756049, 1489.480119756049], [1504.4285186562688, 1509.4285186562688], [1514.8937372192229, 1519.8937372192229], [1529.7240244751051, 1534.7240244751051], [1540.1692333333333, 1545.1692333333333], [1554.583521575685, 1559.583521575685], [1571.7368645670865, 1576.7368645670865], [1586.2201722255547, 1591.2201722255547]]",0.8,['20230228'],Pk12L,cerebellum,Pigeon,positive control,DJP
MM_20230228.pickle,683,oddball_2023-02-28_17-25-32,"[[530.7775189399999, 529.7604981337066], [533.82757994, 532.8105596], [534.86060079984, 533.82757994], [535.8936283409985, 534.86060079984], [536.9106554555756, 535.8936283409985], [537.9276825701526, 536.9106554555756], [538.9437096580684, 537.9276825701526], [539.9777362527494, 538.9437096580684], [543.0277972405519, 542.0107769046191], [546.1108674065187, 545.0778398653603], [547.1268944944344, 546.1108674065187], [548.1439216090115, 547.1268944944344], [551.2110033793241, 550.1769758115043], [552.2270304672398, 551.2110033793241], [553.2610580350596, 552.2270304672398], [554.2770851229754, 553.2610580350596], [555.29410918, 554.2770851229754], [556.34413018, 555.29410918], [557.36115052, 556.34413018], [561.4602433246685, 560.42721578351], [562.4772704392454, 561.4602433246685], [563.4942975538225, 562.4772704392454], [564.5103246417383, 563.4942975538225], [565.5443474905019, 564.5103246417383], [566.5603678064388, 565.5443474905019], [567.5773881423715, 566.5603678064388], [568.5944084783043, 567.5773881423715], [569.6274291341732, 568.5944084783043], [570.6604552756115, 569.6274291341732], [571.6774823901886, 570.6604552756115], [572.6945095047657, 571.6774823901886], [573.7275370459241, 572.6945095047657], [574.7445641605012, 573.7275370459241], [575.7775917016597, 574.7445641605012], [576.7946188162368, 575.7775917016597], [577.8106459041525, 576.7946188162368], [578.8446734719722, 577.8106459041525], [579.8777007599999, 578.8446734719722], [580.89372108, 579.8777007599999], [581.91074142, 580.89372108], [582.9277617600001, 581.91074142], [583.94378208, 582.9277617600001], [584.9608024195161, 583.94378208], [585.9778227554489, 584.9608024195161], [589.0438840631874, 588.0278637472505], [590.0609058654935, 589.0438840631874], [591.0779329800706, 590.0609058654935], [592.1109605212291, 591.0779329800706], [593.1279876358062, 592.1109605212291], [594.1440147237219, 593.1279876358062], [595.161041838299, 594.1440147237219], [596.1940693794575, 595.161041838299], [597.2110964940346, 596.1940693794575], [598.2441240351931, 597.2110964940346], [599.26115114977, 598.2441240351931], [600.2771753449309, 599.26115114977], [601.2941956808638, 600.2771753449309], [602.3112160167966, 601.2941956808638], [603.3442366726654, 602.3112160167966], [604.3772573285343, 603.3442366726654], [605.3942813304005, 604.3772573285343], [606.4113084449776, 605.3942813304005], [607.4273355328935, 606.4113084449776], [608.4443626474705, 607.4273355328935], [609.4613897620476, 608.4443626474705], [610.494417303206, 609.4613897620476], [611.5114444177831, 610.494417303206], [612.5274715056988, 611.5114444177831], [613.5604990468573, 612.5274715056988], [614.5775261614343, 613.5604990468573], [615.594548290342, 614.5775261614343], [616.6275689462108, 615.594548290342], [617.6445892821436, 616.6275689462108], [618.6606095980803, 617.6445892821436], [619.6776299340131, 618.6606095980803], [620.6946559154836, 619.6776299340131], [621.727683456642, 620.6946559154836], [622.744710571219, 621.727683456642], [623.7777381123775, 622.744710571219], [624.7947652269546, 623.7777381123775], [625.8107859066666, 624.7947652269546], [626.8278062466666, 625.8107859066666], [627.8448265866667, 626.8278062466666], [628.8608469066667, 627.8448265866667], [629.8778674398453, 628.8608469066667], [630.9108949810038, 629.8778674398453], [631.9279220955809, 630.9108949810038], [632.9439491834966, 631.9279220955809], [633.9779767513163, 632.9439491834966], [634.9940028794241, 633.9779767513163], [636.011023215357, 634.9940028794241], [637.0280435512898, 636.011023215357], [638.0440638672264, 637.0280435512898], [639.0780845430914, 638.0440638672264], [640.0941064787042, 639.0780845430914], [641.1111335932814, 640.0941064787042], [642.1281607078585, 641.1111335932814], [643.1441877957741, 642.1281607078585], [644.178215363594, 643.1441877957741], [645.1942401719656, 644.178215363594], [646.2112605078984, 645.1942401719656], [647.2442811637673, 646.2112605078984], [648.2613014997, 647.2442811637673], [649.2943221555689, 648.2613014997], [650.3113424933333, 649.2943221555689], [651.3273628133333, 650.3113424933333], [652.3443831533333, 651.3273628133333], [653.3614034933333, 652.3443831533333], [654.3774238133334, 653.3614034933333], [655.3944477571152, 654.3774238133334], [656.4274752982736, 655.3944477571152], [657.4615028660935, 656.4274752982736], [660.5115798040392, 659.4945570685863], [661.527600119976, 660.5115798040392], [662.5446204559088, 661.527600119976], [663.5616407918416, 662.5446204559088], [664.5946614477105, 663.5616407918416], [665.6116868226354, 664.5946614477105], [666.6277139105513, 665.6116868226354], [667.6447410251284, 666.6277139105513], [668.660768113044, 667.6447410251284], [669.6947956808638, 668.660768113044], [670.7108170765847, 669.6947956808638], [671.7278374125175, 670.7108170765847], [672.7608580683864, 671.7278374125175], [673.7778784043192, 672.7608580683864], [674.7948987402519, 673.7778784043192], [675.8109254133334, 674.7948987402519], [676.8449529866667, 675.8109254133334], [679.8950340731855, 678.8780072]]",0.978892494,['20230228'],Pk12L,cerebellum,Pigeon,positive control,DJP
MM_20230221.pickle,551,pigeon_CB_Mag1_inclined_2023-02-21_12-12-00,"[[32.039033333333336, 90.0418]]",1,['20230221'],Pk12L,cerebellum,Pigeon,mag,DJP
MM_20230221.pickle,551,pigeon_CB_Mag1_inclined_lightson_2023-02-21_12-19-00,"[[176.71183333333335, 244.7118]]",1,['20230221'],Pk12L,cerebellum,Pigeon,mag,DJP
MM_20230221.pickle,551,pigeon_CB_mag1_upright_2023-02-21_12-33-18,"[[746.1471, 795.1463333333334]]",1,['20230221'],Pk12L,cerebellum,Pigeon,mag,DJP
MM_20230221.pickle,551,pigeon_CB_Mag2_inclined_2023-02-21_12-21-00,"[[277.50486666666666, 310.0038]]",2,['20230221'],Pk12L,cerebellum,Pigeon,mag,DJP
MM_20230221.pickle,551,pigeon_CB_mag2_upright_2023-02-21_12-30-43,"[[653.3154, 714.818]]",2,['20230221'],Pk12L,cerebellum,Pigeon,mag,DJP
MM_20230221.pickle,551,pigeon_CB_Mag5_inclined_2023-02-21_12-22-00,"[[341.2786, 371.27843333333334]]",5,['20230221'],Pk12L,cerebellum,Pigeon,mag,DJP
MM_20230221.pickle,551,pigeon_CB_Mag7_inclined_2023-02-21_12-24-00,"[[406.4753666666667, 434.90613333333334]]",7,['20230221'],Pk12L,cerebellum,Pigeon,mag,DJP
MM_20230221.pickle,551,pigeon_CB_Mag7_upright_2023-02-21_12-26-02,"[[465.63643333333334, 517.0688]]",7,['20230221'],Pk12L,cerebellum,Pigeon,mag,DJP
MM_20230221.pickle,551,pigeon_CB_WN3D_2023-02-21_12-35-40,"[[819.5742068519629, 824.5742068519629], [830.4194812904086, 835.4194812904086], [839.5117237219223, 844.5117237219223], [858.1791881023796, 863.1791881023796], [882.07579392, 887.07579392], [904.2523706933333, 909.2523706933333], [920.9337945677531, 925.9337945677531], [939.1952694261147, 944.1952694261147], [947.8304783466667, 952.8304783466667], [968.1320196227422, 973.1320196227422], [992.9726485836165, 997.9726485836165], [1007.2589961607679, 1012.2589961607679]]",0.8,['20230221'],Pk12L,cerebellum,Pigeon,positive control,DJP
MM_20230221.pickle,551,pigeon_CB_oddball_5percent_2023-02-21_13-36-00,"[[4103.928501559688, 4102.912481243751], [4104.945521895621, 4103.928501559688], [4105.978545624209, 4104.945521895621], [4107.012573192028, 4105.978545624209], [4108.012599853362, 4107.012573192028], [4109.045627394521, 4108.012599853362], [4110.078654935679, 4109.045627394521], [4111.0956782043595, 4110.078654935679], [4112.1126985402925, 4111.0956782043595], [4113.128718856229, 4112.1126985402925], [4114.145739192161, 4113.128718856229], [4115.1787598480305, 4114.145739192161], [4116.19577568, 4115.1787598480305], [4117.21278924, 4116.19577568], [4118.245803013333, 4117.21278924], [4119.261816560001, 4118.245803013333], [4120.295830346667, 4119.261816560001], [4121.311849170166, 4120.295830346667], [4122.328869506099, 4121.311849170166], [4123.345889842031, 4122.328869506099], [4124.3789104979005, 4123.345889842031], [4125.3959308338335, 4124.3789104979005], [4126.429133093333, 4125.3959308338335], [4127.446356833333, 4126.429133093333], [4128.462580353334, 4127.446356833333], [4129.496807833333, 4128.462580353334], [4130.513031353333, 4129.496807833333], [4131.530060207959, 4130.513031353333], [4132.547087322536, 4131.530060207959], [4133.563114410451, 4132.547087322536], [4134.613142404853, 4133.563114410451], [4135.6301688062385, 4134.613142404853], [4136.646189122176, 4135.6301688062385], [4137.663209458108, 4136.646189122176], [4138.680229794041, 4137.663209458108], [4139.7132504499095, 4138.680229794041], [4142.780311786666, 4141.746291106667], [4143.813332446666, 4142.780311786666], [4144.8303527866665, 4143.813332446666], [4147.980415776845, 4146.94639510098], [4148.996436092782, 4147.980415776845], [4150.013456428714, 4148.996436092782], [4151.029476744651, 4150.013456428714], [4152.063497420516, 4151.029476744651], [4153.0795177364525, 4152.063497420516], [4154.113538412317, 4153.0795177364525], [4155.129558728255, 4154.113538412317], [4156.146579064188, 4155.129558728255], [4161.263681386667, 4160.24666104779], [4162.279701706667, 4161.263681386667], [4163.296722046667, 4162.279701706667], [4164.329742706667, 4163.296722046667], [4165.346763046667, 4164.329742706667], [4166.363783383324, 4165.346763046667], [4167.37980369926, 4166.363783383324], [4168.412824355129, 4167.37980369926], [4169.446845030994, 4168.412824355129], [4170.462865346931, 4169.446845030994], [4171.479885682864, 4170.462865346931], [4172.496906018796, 4171.479885682864], [4173.5129263347335, 4172.496906018796], [4174.546947010598, 4173.5129263347335], [4179.6630493101375, 4178.646028974205], [4180.6800696460705, 4179.6630493101375], [4181.71309030194, 4180.6800696460705], [4182.730110637873, 4181.71309030194], [4183.747130973805, 4182.730110637873], [4184.780151629674, 4183.747130973805], [4185.8131722866665, 4184.780151629674], [4186.830192626667, 4185.8131722866665], [4187.863213286667, 4186.830192626667], [4188.880233626666, 4187.863213286667], [4189.896253946667, 4188.880233626666], [4190.913274285143, 4189.896253946667], [4191.9302946210755, 4190.913274285143], [4192.946314937012, 4191.9302946210755], [4196.030376604679, 4195.013356268746], [4197.046396920616, 4196.030376604679], [4198.08041759648, 4197.046396920616], [4199.096437912417, 4198.08041759648], [4200.11345824835, 4199.096437912417], [4201.129478564288, 4200.11345824835], [4202.14649890022, 4201.129478564288], [4203.196519896021, 4202.14649890022], [4204.22954055189, 4203.196519896021], [4205.246560887823, 4204.22954055189], [4206.279586502699, 4205.246560887823], [4207.296613617276, 4206.279586502699], [4211.37971124, 4210.363695387589], [4212.413725026667, 4211.37971124], [4213.429738573333, 4212.413725026667], [4214.446752133334, 4213.429738573333], [4215.479765906667, 4214.446752133334], [4216.496785862827, 4215.479765906667], [4217.51380619876, 4216.496785862827], [4218.529826514697, 4217.51380619876], [4219.54684685063, 4218.529826514697], [4220.612868166367, 4219.54684685063], [4221.6298885023, 4220.612868166367], [4222.646908838233, 4221.6298885023], [4223.679929494101, 4222.646908838233], [4224.696949830034, 4223.679929494101], [4225.712970145971, 4224.696949830034], [4226.729990481904, 4225.712970145971], [4227.763011137773, 4226.729990481904], [4228.797031813638, 4227.763011137773], [4229.813052129574, 4228.797031813638], [4230.830074398454, 4229.813052129574], [4231.847101513031, 4230.830074398454], [4232.863128600947, 4231.847101513031], [4233.897156168767, 4232.863128600947], [4234.913183256682, 4233.897156168767], [4235.930205186666, 4234.913183256682], [4236.96321896, 4235.930205186666], [4237.996232733333, 4236.96321896], [4239.013246293333, 4237.996232733333], [4240.0302598533335, 4239.013246293333], [4241.04628013064, 4240.0302598533335], [4244.113361900953, 4243.096334786376], [4245.13038901553, 4244.113361900953], [4246.163408278344, 4245.13038901553], [4247.180421835633, 4246.163408278344], [4248.2134356062115, 4247.180421835633], [4249.2304491635, 4248.2134356062115], [4250.246462707459, 4249.2304491635], [4251.28048631607, 4250.246462707459], [4252.296513403986, 4251.28048631607], [4253.329540945145, 4252.296513403986], [4254.363568512964, 4253.329540945145]]",0.977875287,['20230221'],Pk12L,cerebellum,Pigeon,positive control,DJP
MM_20230216.pickle,617,mag3hz_2023-02-16_11-43-42,"[[32.586, 78.92146666666666]]",3,['20230216'],Pk12L,above OT,Pigeon,mag,DJP
MM_20230216.pickle,617,mag8hz2ndtry_2023-02-16_11-49-12,"[[280.8964, 309.27223333333336]]",8,['20230216'],Pk12L,above OT,Pigeon,mag,DJP
MM_20220916.pickle,1153,mag3_2022-09-16_15-42-31,"[[3645.0434, 3806.3785]]",3,['20220916'],B32♀,wulst,zebra finch,mag,DJP
MM_20220916.pickle,1153,mag5_2022-09-16_15-46-10,"[[3843.0634666666665, 3927.8650666666667]]",5,['20220916'],B32♀,wulst,zebra finch,mag,DJP
MM_20220916.pickle,1153,mag7_2022-09-16_15-48-29,"[[3966.2134, 4028.2155666666667]]",7,['20220916'],B32♀,wulst,zebra finch,mag,DJP
MM_20220916.pickle,1153,mag9_2022-09-16_15-50-36,"[[4062.344633333333, 4148.2353]]",9,['20220916'],B32♀,wulst,zebra finch,mag,DJP
MM_20220916.pickle,1153,mag10_2022-09-16_15-53-06,"[[4242.454333333333, 4336.855066666667]]",9,['20220916'],B32♀,wulst,zebra finch,mag,DJP
MM_20220916.pickle,1153,bars4_2022-09-16_15-31-32_225,"[[3057.9498036392724, 3062.9498036392724], [3063.3489115976804, 3068.3489115976804], [3068.716018916217, 3073.716018916217], [3074.19911904, 3079.19911904], [3080.2822168766247, 3085.2822168766247], [3085.7993473705255, 3090.7993473705255], [3091.1824454442444, 3096.1824454442444], [3096.466540491902, 3101.466540491902], [3101.703645226667, 3106.703645226667], [3107.149754129174, 3112.149754129174], [3112.6658644271147, 3117.6658644271147], [3118.615983403319, 3123.615983403319], [3124.0500920666664, 3129.0500920666664], [3129.9152093581283, 3134.9152093581283], [3136.2163353529295, 3141.2163353529295], [3142.1494539892024, 3147.1494539892024], [3147.8155339732057, 3152.8155339732057], [3154.0996596280743, 3159.0996596280743], [3159.749785696194, 3164.749785696194], [3165.0328966073453, 3170.0328966073453], [3170.8499945733333, 3175.8499945733333], [3176.516107878424, 3181.516107878424], [3182.950268533333, 3187.950268533333], [3189.0333581683667, 3194.0333581683667], [3195.4674689999997, 3200.4674689999997], [3201.7875798840228, 3206.7875798840228], [3207.8337007798436, 3212.8337007798436], [3213.1838077584484, 3218.1838077584484], [3219.366931393721, 3224.366931393721], [3225.117046370726, 3230.117046370726], [3230.8331808904886, 3235.8331808904886], [3236.9673166566686, 3241.9673166566686], [3242.933402639472, 3247.933402639472], [3248.8675212957405, 3253.8675212957405], [3254.200627934413, 3259.200627934413], [3260.000743911218, 3265.000743911218], [3265.2508326, 3270.2508326], [3271.0679536359394, 3276.0679536359394], [3277.0840855228957, 3282.0840855228957], [3283.2001770912484, 3288.2001770912484], [3288.567310093333, 3293.567310093333], [3294.9504094581084, 3299.9504094581084], [3301.383538092382, 3306.383538092382], [3307.7336650669868, 3312.7336650669868], [3312.98376893288, 3317.98376893288], [3318.533852502833, 3323.533852502833], [3323.7499853429313, 3328.7499853429313], [3329.5341009997996, 3334.5341009997996], [3334.9001944266665, 3339.9001944266665], [3340.3012829834033, 3345.3012829834033], [3346.3034029994, 3351.3034029994], [3351.8175132573488, 3356.8175132573488], [3357.9176352333334, 3362.9176352333334], [3363.73375154969, 3368.73375154969], [3369.3338635272944, 3374.3338635272944], [3374.6339574485105, 3379.6339574485105], [3380.619074465107, 3385.619074465107], [3386.4011809866665, 3391.4011809866665], [3392.734298120376, 3397.734298120376], [3397.9674027594483, 3402.9674027594483], [3404.017515826667, 3409.017515826667], [3409.666603379324, 3414.666603379324], [3415.3007160367924, 3420.3007160367924], [3420.533838678931, 3425.533838678931], [3426.600950216623, 3431.600950216623], [3432.8170663066667, 3437.8170663066667], [3438.150172945411, 3443.150172945411], [3444.5022999600083, 3449.5022999600083], [3450.5174202359526, 3455.5174202359526], [3455.8175262266664, 3460.8175262266664], [3461.7176442111577, 3466.7176442111577], [3467.5846785066665, 3472.5846785066665], [3472.901867846431, 3477.901867846431], [3478.6369772400003, 3483.6369772400003], [3485.018076804639, 3490.018076804639], [3490.4351851229753, 3495.4351851229753], [3496.1022984403116, 3501.1022984403116], [3502.23539184, 3507.23539184], [3507.817499380124, 3512.817499380124], [3513.868653709258, 3518.868653709258]]",0.225281683,['20220916'],B32♀,wulst,zebra finch,positive control,DJP
MM_20220916.pickle,1153,bars4_2022-09-16_15-31-32_315,"[[3057.9498036392724, 3062.9498036392724], [3063.3489115976804, 3068.3489115976804], [3068.716018916217, 3073.716018916217], [3074.19911904, 3079.19911904], [3080.2822168766247, 3085.2822168766247], [3085.7993473705255, 3090.7993473705255], [3091.1824454442444, 3096.1824454442444], [3096.466540491902, 3101.466540491902], [3101.703645226667, 3106.703645226667], [3107.149754129174, 3112.149754129174], [3112.6658644271147, 3117.6658644271147], [3118.615983403319, 3123.615983403319], [3124.0500920666664, 3129.0500920666664], [3129.9152093581283, 3134.9152093581283], [3136.2163353529295, 3141.2163353529295], [3142.1494539892024, 3147.1494539892024], [3147.8155339732057, 3152.8155339732057], [3154.0996596280743, 3159.0996596280743], [3159.749785696194, 3164.749785696194], [3165.0328966073453, 3170.0328966073453], [3170.8499945733333, 3175.8499945733333], [3176.516107878424, 3181.516107878424], [3182.950268533333, 3187.950268533333], [3189.0333581683667, 3194.0333581683667], [3195.4674689999997, 3200.4674689999997], [3201.7875798840228, 3206.7875798840228], [3207.8337007798436, 3212.8337007798436], [3213.1838077584484, 3218.1838077584484], [3219.366931393721, 3224.366931393721], [3225.117046370726, 3230.117046370726], [3230.8331808904886, 3235.8331808904886], [3236.9673166566686, 3241.9673166566686], [3242.933402639472, 3247.933402639472], [3248.8675212957405, 3253.8675212957405], [3254.200627934413, 3259.200627934413], [3260.000743911218, 3265.000743911218], [3265.2508326, 3270.2508326], [3271.0679536359394, 3276.0679536359394], [3277.0840855228957, 3282.0840855228957], [3283.2001770912484, 3288.2001770912484], [3288.567310093333, 3293.567310093333], [3294.9504094581084, 3299.9504094581084], [3301.383538092382, 3306.383538092382], [3307.7336650669868, 3312.7336650669868], [3312.98376893288, 3317.98376893288], [3318.533852502833, 3323.533852502833], [3323.7499853429313, 3328.7499853429313], [3329.5341009997996, 3334.5341009997996], [3334.9001944266665, 3339.9001944266665], [3340.3012829834033, 3345.3012829834033], [3346.3034029994, 3351.3034029994], [3351.8175132573488, 3356.8175132573488], [3357.9176352333334, 3362.9176352333334], [3363.73375154969, 3368.73375154969], [3369.3338635272944, 3374.3338635272944], [3374.6339574485105, 3379.6339574485105], [3380.619074465107, 3385.619074465107], [3386.4011809866665, 3391.4011809866665], [3392.734298120376, 3397.734298120376], [3397.9674027594483, 3402.9674027594483], [3404.017515826667, 3409.017515826667], [3409.666603379324, 3414.666603379324], [3415.3007160367924, 3420.3007160367924], [3420.533838678931, 3425.533838678931], [3426.600950216623, 3431.600950216623], [3432.8170663066667, 3437.8170663066667], [3438.150172945411, 3443.150172945411], [3444.5022999600083, 3449.5022999600083], [3450.5174202359526, 3455.5174202359526], [3455.8175262266664, 3460.8175262266664], [3461.7176442111577, 3466.7176442111577], [3467.5846785066665, 3472.5846785066665], [3472.901867846431, 3477.901867846431], [3478.6369772400003, 3483.6369772400003], [3485.018076804639, 3490.018076804639], [3490.4351851229753, 3495.4351851229753], [3496.1022984403116, 3501.1022984403116], [3502.23539184, 3507.23539184], [3507.817499380124, 3512.817499380124], [3513.868653709258, 3518.868653709258]]",0.204580326,['20220916'],B32♀,wulst,zebra finch,positive control,DJP
MM_20220916.pickle,1153,bars4_2022-09-16_15-31-32_0,"[[3057.9498036392724, 3062.9498036392724], [3063.3489115976804, 3068.3489115976804], [3068.716018916217, 3073.716018916217], [3074.19911904, 3079.19911904], [3080.2822168766247, 3085.2822168766247], [3085.7993473705255, 3090.7993473705255], [3091.1824454442444, 3096.1824454442444], [3096.466540491902, 3101.466540491902], [3101.703645226667, 3106.703645226667], [3107.149754129174, 3112.149754129174], [3112.6658644271147, 3117.6658644271147], [3118.615983403319, 3123.615983403319], [3124.0500920666664, 3129.0500920666664], [3129.9152093581283, 3134.9152093581283], [3136.2163353529295, 3141.2163353529295], [3142.1494539892024, 3147.1494539892024], [3147.8155339732057, 3152.8155339732057], [3154.0996596280743, 3159.0996596280743], [3159.749785696194, 3164.749785696194], [3165.0328966073453, 3170.0328966073453], [3170.8499945733333, 3175.8499945733333], [3176.516107878424, 3181.516107878424], [3182.950268533333, 3187.950268533333], [3189.0333581683667, 3194.0333581683667], [3195.4674689999997, 3200.4674689999997], [3201.7875798840228, 3206.7875798840228], [3207.8337007798436, 3212.8337007798436], [3213.1838077584484, 3218.1838077584484], [3219.366931393721, 3224.366931393721], [3225.117046370726, 3230.117046370726], [3230.8331808904886, 3235.8331808904886], [3236.9673166566686, 3241.9673166566686], [3242.933402639472, 3247.933402639472], [3248.8675212957405, 3253.8675212957405], [3254.200627934413, 3259.200627934413], [3260.000743911218, 3265.000743911218], [3265.2508326, 3270.2508326], [3271.0679536359394, 3276.0679536359394], [3277.0840855228957, 3282.0840855228957], [3283.2001770912484, 3288.2001770912484], [3288.567310093333, 3293.567310093333], [3294.9504094581084, 3299.9504094581084], [3301.383538092382, 3306.383538092382], [3307.7336650669868, 3312.7336650669868], [3312.98376893288, 3317.98376893288], [3318.533852502833, 3323.533852502833], [3323.7499853429313, 3328.7499853429313], [3329.5341009997996, 3334.5341009997996], [3334.9001944266665, 3339.9001944266665], [3340.3012829834033, 3345.3012829834033], [3346.3034029994, 3351.3034029994], [3351.8175132573488, 3356.8175132573488], [3357.9176352333334, 3362.9176352333334], [3363.73375154969, 3368.73375154969], [3369.3338635272944, 3374.3338635272944], [3374.6339574485105, 3379.6339574485105], [3380.619074465107, 3385.619074465107], [3386.4011809866665, 3391.4011809866665], [3392.734298120376, 3397.734298120376], [3397.9674027594483, 3402.9674027594483], [3404.017515826667, 3409.017515826667], [3409.666603379324, 3414.666603379324], [3415.3007160367924, 3420.3007160367924], [3420.533838678931, 3425.533838678931], [3426.600950216623, 3431.600950216623], [3432.8170663066667, 3437.8170663066667], [3438.150172945411, 3443.150172945411], [3444.5022999600083, 3449.5022999600083], [3450.5174202359526, 3455.5174202359526], [3455.8175262266664, 3460.8175262266664], [3461.7176442111577, 3466.7176442111577], [3467.5846785066665, 3472.5846785066665], [3472.901867846431, 3477.901867846431], [3478.6369772400003, 3483.6369772400003], [3485.018076804639, 3490.018076804639], [3490.4351851229753, 3495.4351851229753], [3496.1022984403116, 3501.1022984403116], [3502.23539184, 3507.23539184], [3507.817499380124, 3512.817499380124], [3513.868653709258, 3518.868653709258]]",0.2253832,['20220916'],B32♀,wulst,zebra finch,positive control,DJP
MM_20220916.pickle,1153,bars4_2022-09-16_15-31-32_135,"[[3057.9498036392724, 3062.9498036392724], [3063.3489115976804, 3068.3489115976804], [3068.716018916217, 3073.716018916217], [3074.19911904, 3079.19911904], [3080.2822168766247, 3085.2822168766247], [3085.7993473705255, 3090.7993473705255], [3091.1824454442444, 3096.1824454442444], [3096.466540491902, 3101.466540491902], [3101.703645226667, 3106.703645226667], [3107.149754129174, 3112.149754129174], [3112.6658644271147, 3117.6658644271147], [3118.615983403319, 3123.615983403319], [3124.0500920666664, 3129.0500920666664], [3129.9152093581283, 3134.9152093581283], [3136.2163353529295, 3141.2163353529295], [3142.1494539892024, 3147.1494539892024], [3147.8155339732057, 3152.8155339732057], [3154.0996596280743, 3159.0996596280743], [3159.749785696194, 3164.749785696194], [3165.0328966073453, 3170.0328966073453], [3170.8499945733333, 3175.8499945733333], [3176.516107878424, 3181.516107878424], [3182.950268533333, 3187.950268533333], [3189.0333581683667, 3194.0333581683667], [3195.4674689999997, 3200.4674689999997], [3201.7875798840228, 3206.7875798840228], [3207.8337007798436, 3212.8337007798436], [3213.1838077584484, 3218.1838077584484], [3219.366931393721, 3224.366931393721], [3225.117046370726, 3230.117046370726], [3230.8331808904886, 3235.8331808904886], [3236.9673166566686, 3241.9673166566686], [3242.933402639472, 3247.933402639472], [3248.8675212957405, 3253.8675212957405], [3254.200627934413, 3259.200627934413], [3260.000743911218, 3265.000743911218], [3265.2508326, 3270.2508326], [3271.0679536359394, 3276.0679536359394], [3277.0840855228957, 3282.0840855228957], [3283.2001770912484, 3288.2001770912484], [3288.567310093333, 3293.567310093333], [3294.9504094581084, 3299.9504094581084], [3301.383538092382, 3306.383538092382], [3307.7336650669868, 3312.7336650669868], [3312.98376893288, 3317.98376893288], [3318.533852502833, 3323.533852502833], [3323.7499853429313, 3328.7499853429313], [3329.5341009997996, 3334.5341009997996], [3334.9001944266665, 3339.9001944266665], [3340.3012829834033, 3345.3012829834033], [3346.3034029994, 3351.3034029994], [3351.8175132573488, 3356.8175132573488], [3357.9176352333334, 3362.9176352333334], [3363.73375154969, 3368.73375154969], [3369.3338635272944, 3374.3338635272944], [3374.6339574485105, 3379.6339574485105], [3380.619074465107, 3385.619074465107], [3386.4011809866665, 3391.4011809866665], [3392.734298120376, 3397.734298120376], [3397.9674027594483, 3402.9674027594483], [3404.017515826667, 3409.017515826667], [3409.666603379324, 3414.666603379324], [3415.3007160367924, 3420.3007160367924], [3420.533838678931, 3425.533838678931], [3426.600950216623, 3431.600950216623], [3432.8170663066667, 3437.8170663066667], [3438.150172945411, 3443.150172945411], [3444.5022999600083, 3449.5022999600083], [3450.5174202359526, 3455.5174202359526], [3455.8175262266664, 3460.8175262266664], [3461.7176442111577, 3466.7176442111577], [3467.5846785066665, 3472.5846785066665], [3472.901867846431, 3477.901867846431], [3478.6369772400003, 3483.6369772400003], [3485.018076804639, 3490.018076804639], [3490.4351851229753, 3495.4351851229753], [3496.1022984403116, 3501.1022984403116], [3502.23539184, 3507.23539184], [3507.817499380124, 3512.817499380124], [3513.868653709258, 3518.868653709258]]",0.225393206,['20220916'],B32♀,wulst,zebra finch,positive control,DJP
MM_20220916.pickle,1153,bars4_2022-09-16_15-31-32_180,"[[3057.9498036392724, 3062.9498036392724], [3063.3489115976804, 3068.3489115976804], [3068.716018916217, 3073.716018916217], [3074.19911904, 3079.19911904], [3080.2822168766247, 3085.2822168766247], [3085.7993473705255, 3090.7993473705255], [3091.1824454442444, 3096.1824454442444], [3096.466540491902, 3101.466540491902], [3101.703645226667, 3106.703645226667], [3107.149754129174, 3112.149754129174], [3112.6658644271147, 3117.6658644271147], [3118.615983403319, 3123.615983403319], [3124.0500920666664, 3129.0500920666664], [3129.9152093581283, 3134.9152093581283], [3136.2163353529295, 3141.2163353529295], [3142.1494539892024, 3147.1494539892024], [3147.8155339732057, 3152.8155339732057], [3154.0996596280743, 3159.0996596280743], [3159.749785696194, 3164.749785696194], [3165.0328966073453, 3170.0328966073453], [3170.8499945733333, 3175.8499945733333], [3176.516107878424, 3181.516107878424], [3182.950268533333, 3187.950268533333], [3189.0333581683667, 3194.0333581683667], [3195.4674689999997, 3200.4674689999997], [3201.7875798840228, 3206.7875798840228], [3207.8337007798436, 3212.8337007798436], [3213.1838077584484, 3218.1838077584484], [3219.366931393721, 3224.366931393721], [3225.117046370726, 3230.117046370726], [3230.8331808904886, 3235.8331808904886], [3236.9673166566686, 3241.9673166566686], [3242.933402639472, 3247.933402639472], [3248.8675212957405, 3253.8675212957405], [3254.200627934413, 3259.200627934413], [3260.000743911218, 3265.000743911218], [3265.2508326, 3270.2508326], [3271.0679536359394, 3276.0679536359394], [3277.0840855228957, 3282.0840855228957], [3283.2001770912484, 3288.2001770912484], [3288.567310093333, 3293.567310093333], [3294.9504094581084, 3299.9504094581084], [3301.383538092382, 3306.383538092382], [3307.7336650669868, 3312.7336650669868], [3312.98376893288, 3317.98376893288], [3318.533852502833, 3323.533852502833], [3323.7499853429313, 3328.7499853429313], [3329.5341009997996, 3334.5341009997996], [3334.9001944266665, 3339.9001944266665], [3340.3012829834033, 3345.3012829834033], [3346.3034029994, 3351.3034029994], [3351.8175132573488, 3356.8175132573488], [3357.9176352333334, 3362.9176352333334], [3363.73375154969, 3368.73375154969], [3369.3338635272944, 3374.3338635272944], [3374.6339574485105, 3379.6339574485105], [3380.619074465107, 3385.619074465107], [3386.4011809866665, 3391.4011809866665], [3392.734298120376, 3397.734298120376], [3397.9674027594483, 3402.9674027594483], [3404.017515826667, 3409.017515826667], [3409.666603379324, 3414.666603379324], [3415.3007160367924, 3420.3007160367924], [3420.533838678931, 3425.533838678931], [3426.600950216623, 3431.600950216623], [3432.8170663066667, 3437.8170663066667], [3438.150172945411, 3443.150172945411], [3444.5022999600083, 3449.5022999600083], [3450.5174202359526, 3455.5174202359526], [3455.8175262266664, 3460.8175262266664], [3461.7176442111577, 3466.7176442111577], [3467.5846785066665, 3472.5846785066665], [3472.901867846431, 3477.901867846431], [3478.6369772400003, 3483.6369772400003], [3485.018076804639, 3490.018076804639], [3490.4351851229753, 3495.4351851229753], [3496.1022984403116, 3501.1022984403116], [3502.23539184, 3507.23539184], [3507.817499380124, 3512.817499380124], [3513.868653709258, 3518.868653709258]]",0.225322621,['20220916'],B32♀,wulst,zebra finch,positive control,DJP
MM_20220916.pickle,1153,bars4_2022-09-16_15-31-32_270,"[[3057.9498036392724, 3062.9498036392724], [3063.3489115976804, 3068.3489115976804], [3068.716018916217, 3073.716018916217], [3074.19911904, 3079.19911904], [3080.2822168766247, 3085.2822168766247], [3085.7993473705255, 3090.7993473705255], [3091.1824454442444, 3096.1824454442444], [3096.466540491902, 3101.466540491902], [3101.703645226667, 3106.703645226667], [3107.149754129174, 3112.149754129174], [3112.6658644271147, 3117.6658644271147], [3118.615983403319, 3123.615983403319], [3124.0500920666664, 3129.0500920666664], [3129.9152093581283, 3134.9152093581283], [3136.2163353529295, 3141.2163353529295], [3142.1494539892024, 3147.1494539892024], [3147.8155339732057, 3152.8155339732057], [3154.0996596280743, 3159.0996596280743], [3159.749785696194, 3164.749785696194], [3165.0328966073453, 3170.0328966073453], [3170.8499945733333, 3175.8499945733333], [3176.516107878424, 3181.516107878424], [3182.950268533333, 3187.950268533333], [3189.0333581683667, 3194.0333581683667], [3195.4674689999997, 3200.4674689999997], [3201.7875798840228, 3206.7875798840228], [3207.8337007798436, 3212.8337007798436], [3213.1838077584484, 3218.1838077584484], [3219.366931393721, 3224.366931393721], [3225.117046370726, 3230.117046370726], [3230.8331808904886, 3235.8331808904886], [3236.9673166566686, 3241.9673166566686], [3242.933402639472, 3247.933402639472], [3248.8675212957405, 3253.8675212957405], [3254.200627934413, 3259.200627934413], [3260.000743911218, 3265.000743911218], [3265.2508326, 3270.2508326], [3271.0679536359394, 3276.0679536359394], [3277.0840855228957, 3282.0840855228957], [3283.2001770912484, 3288.2001770912484], [3288.567310093333, 3293.567310093333], [3294.9504094581084, 3299.9504094581084], [3301.383538092382, 3306.383538092382], [3307.7336650669868, 3312.7336650669868], [3312.98376893288, 3317.98376893288], [3318.533852502833, 3323.533852502833], [3323.7499853429313, 3328.7499853429313], [3329.5341009997996, 3334.5341009997996], [3334.9001944266665, 3339.9001944266665], [3340.3012829834033, 3345.3012829834033], [3346.3034029994, 3351.3034029994], [3351.8175132573488, 3356.8175132573488], [3357.9176352333334, 3362.9176352333334], [3363.73375154969, 3368.73375154969], [3369.3338635272944, 3374.3338635272944], [3374.6339574485105, 3379.6339574485105], [3380.619074465107, 3385.619074465107], [3386.4011809866665, 3391.4011809866665], [3392.734298120376, 3397.734298120376], [3397.9674027594483, 3402.9674027594483], [3404.017515826667, 3409.017515826667], [3409.666603379324, 3414.666603379324], [3415.3007160367924, 3420.3007160367924], [3420.533838678931, 3425.533838678931], [3426.600950216623, 3431.600950216623], [3432.8170663066667, 3437.8170663066667], [3438.150172945411, 3443.150172945411], [3444.5022999600083, 3449.5022999600083], [3450.5174202359526, 3455.5174202359526], [3455.8175262266664, 3460.8175262266664], [3461.7176442111577, 3466.7176442111577], [3467.5846785066665, 3472.5846785066665], [3472.901867846431, 3477.901867846431], [3478.6369772400003, 3483.6369772400003], [3485.018076804639, 3490.018076804639], [3490.4351851229753, 3495.4351851229753], [3496.1022984403116, 3501.1022984403116], [3502.23539184, 3507.23539184], [3507.817499380124, 3512.817499380124], [3513.868653709258, 3518.868653709258]]",0.225205939,['20220916'],B32♀,wulst,zebra finch,positive control,DJP
MM_20220916.pickle,1153,bars4_2022-09-16_15-31-32_45,"[[3057.9498036392724, 3062.9498036392724], [3063.3489115976804, 3068.3489115976804], [3068.716018916217, 3073.716018916217], [3074.19911904, 3079.19911904], [3080.2822168766247, 3085.2822168766247], [3085.7993473705255, 3090.7993473705255], [3091.1824454442444, 3096.1824454442444], [3096.466540491902, 3101.466540491902], [3101.703645226667, 3106.703645226667], [3107.149754129174, 3112.149754129174], [3112.6658644271147, 3117.6658644271147], [3118.615983403319, 3123.615983403319], [3124.0500920666664, 3129.0500920666664], [3129.9152093581283, 3134.9152093581283], [3136.2163353529295, 3141.2163353529295], [3142.1494539892024, 3147.1494539892024], [3147.8155339732057, 3152.8155339732057], [3154.0996596280743, 3159.0996596280743], [3159.749785696194, 3164.749785696194], [3165.0328966073453, 3170.0328966073453], [3170.8499945733333, 3175.8499945733333], [3176.516107878424, 3181.516107878424], [3182.950268533333, 3187.950268533333], [3189.0333581683667, 3194.0333581683667], [3195.4674689999997, 3200.4674689999997], [3201.7875798840228, 3206.7875798840228], [3207.8337007798436, 3212.8337007798436], [3213.1838077584484, 3218.1838077584484], [3219.366931393721, 3224.366931393721], [3225.117046370726, 3230.117046370726], [3230.8331808904886, 3235.8331808904886], [3236.9673166566686, 3241.9673166566686], [3242.933402639472, 3247.933402639472], [3248.8675212957405, 3253.8675212957405], [3254.200627934413, 3259.200627934413], [3260.000743911218, 3265.000743911218], [3265.2508326, 3270.2508326], [3271.0679536359394, 3276.0679536359394], [3277.0840855228957, 3282.0840855228957], [3283.2001770912484, 3288.2001770912484], [3288.567310093333, 3293.567310093333], [3294.9504094581084, 3299.9504094581084], [3301.383538092382, 3306.383538092382], [3307.7336650669868, 3312.7336650669868], [3312.98376893288, 3317.98376893288], [3318.533852502833, 3323.533852502833], [3323.7499853429313, 3328.7499853429313], [3329.5341009997996, 3334.5341009997996], [3334.9001944266665, 3339.9001944266665], [3340.3012829834033, 3345.3012829834033], [3346.3034029994, 3351.3034029994], [3351.8175132573488, 3356.8175132573488], [3357.9176352333334, 3362.9176352333334], [3363.73375154969, 3368.73375154969], [3369.3338635272944, 3374.3338635272944], [3374.6339574485105, 3379.6339574485105], [3380.619074465107, 3385.619074465107], [3386.4011809866665, 3391.4011809866665], [3392.734298120376, 3397.734298120376], [3397.9674027594483, 3402.9674027594483], [3404.017515826667, 3409.017515826667], [3409.666603379324, 3414.666603379324], [3415.3007160367924, 3420.3007160367924], [3420.533838678931, 3425.533838678931], [3426.600950216623, 3431.600950216623], [3432.8170663066667, 3437.8170663066667], [3438.150172945411, 3443.150172945411], [3444.5022999600083, 3449.5022999600083], [3450.5174202359526, 3455.5174202359526], [3455.8175262266664, 3460.8175262266664], [3461.7176442111577, 3466.7176442111577], [3467.5846785066665, 3472.5846785066665], [3472.901867846431, 3477.901867846431], [3478.6369772400003, 3483.6369772400003], [3485.018076804639, 3490.018076804639], [3490.4351851229753, 3495.4351851229753], [3496.1022984403116, 3501.1022984403116], [3502.23539184, 3507.23539184], [3507.817499380124, 3512.817499380124], [3513.868653709258, 3518.868653709258]]",0.22530198,['20220916'],B32♀,wulst,zebra finch,positive control,DJP
MM_20220916.pickle,1153,bars4_2022-09-16_15-31-32_90,"[[3057.9498036392724, 3062.9498036392724], [3063.3489115976804, 3068.3489115976804], [3068.716018916217, 3073.716018916217], [3074.19911904, 3079.19911904], [3080.2822168766247, 3085.2822168766247], [3085.7993473705255, 3090.7993473705255], [3091.1824454442444, 3096.1824454442444], [3096.466540491902, 3101.466540491902], [3101.703645226667, 3106.703645226667], [3107.149754129174, 3112.149754129174], [3112.6658644271147, 3117.6658644271147], [3118.615983403319, 3123.615983403319], [3124.0500920666664, 3129.0500920666664], [3129.9152093581283, 3134.9152093581283], [3136.2163353529295, 3141.2163353529295], [3142.1494539892024, 3147.1494539892024], [3147.8155339732057, 3152.8155339732057], [3154.0996596280743, 3159.0996596280743], [3159.749785696194, 3164.749785696194], [3165.0328966073453, 3170.0328966073453], [3170.8499945733333, 3175.8499945733333], [3176.516107878424, 3181.516107878424], [3182.950268533333, 3187.950268533333], [3189.0333581683667, 3194.0333581683667], [3195.4674689999997, 3200.4674689999997], [3201.7875798840228, 3206.7875798840228], [3207.8337007798436, 3212.8337007798436], [3213.1838077584484, 3218.1838077584484], [3219.366931393721, 3224.366931393721], [3225.117046370726, 3230.117046370726], [3230.8331808904886, 3235.8331808904886], [3236.9673166566686, 3241.9673166566686], [3242.933402639472, 3247.933402639472], [3248.8675212957405, 3253.8675212957405], [3254.200627934413, 3259.200627934413], [3260.000743911218, 3265.000743911218], [3265.2508326, 3270.2508326], [3271.0679536359394, 3276.0679536359394], [3277.0840855228957, 3282.0840855228957], [3283.2001770912484, 3288.2001770912484], [3288.567310093333, 3293.567310093333], [3294.9504094581084, 3299.9504094581084], [3301.383538092382, 3306.383538092382], [3307.7336650669868, 3312.7336650669868], [3312.98376893288, 3317.98376893288], [3318.533852502833, 3323.533852502833], [3323.7499853429313, 3328.7499853429313], [3329.5341009997996, 3334.5341009997996], [3334.9001944266665, 3339.9001944266665], [3340.3012829834033, 3345.3012829834033], [3346.3034029994, 3351.3034029994], [3351.8175132573488, 3356.8175132573488], [3357.9176352333334, 3362.9176352333334], [3363.73375154969, 3368.73375154969], [3369.3338635272944, 3374.3338635272944], [3374.6339574485105, 3379.6339574485105], [3380.619074465107, 3385.619074465107], [3386.4011809866665, 3391.4011809866665], [3392.734298120376, 3397.734298120376], [3397.9674027594483, 3402.9674027594483], [3404.017515826667, 3409.017515826667], [3409.666603379324, 3414.666603379324], [3415.3007160367924, 3420.3007160367924], [3420.533838678931, 3425.533838678931], [3426.600950216623, 3431.600950216623], [3432.8170663066667, 3437.8170663066667], [3438.150172945411, 3443.150172945411], [3444.5022999600083, 3449.5022999600083], [3450.5174202359526, 3455.5174202359526], [3455.8175262266664, 3460.8175262266664], [3461.7176442111577, 3466.7176442111577], [3467.5846785066665, 3472.5846785066665], [3472.901867846431, 3477.901867846431], [3478.6369772400003, 3483.6369772400003], [3485.018076804639, 3490.018076804639], [3490.4351851229753, 3495.4351851229753], [3496.1022984403116, 3501.1022984403116], [3502.23539184, 3507.23539184], [3507.817499380124, 3512.817499380124], [3513.868653709258, 3518.868653709258]]",0.225053622,['20220916'],B32♀,wulst,zebra finch,positive control,DJP
MM_20220916.pickle,1153,WN_2022-09-16_14-58-30,"[[2039.27006166, 2044.27006166], [2048.688233320003, 2053.688233320003], [2058.3794104379126, 2063.3794104379126], [2069.69163665267, 2074.69163665267], [2080.57385424915, 2085.57385424915], [2087.8999893866667, 2092.8999893866667], [2097.2941552689463, 2102.2941552689463], [2105.5603205558887, 2110.5603205558887], [2113.68244965007, 2118.68244965007], [2124.1796595480905, 2129.1796595480905], [2132.3688155333334, 2137.3688155333334], [2144.0530236152767, 2149.0530236152767], [2155.7702579084184, 2160.7702579084184], [2166.230433753249, 2171.230433753249], [2174.1155914217156, 2179.1155914217156], [2185.8557952399997, 2190.8557952399997], [2197.682029334133, 2202.682029334133], [2205.7751607866667, 2210.7751607866667], [2216.0443631873627, 2221.0443631873627], [2224.8105384723053, 2229.8105384723053], [2232.014649210158, 2237.014649210158], [2239.7878046390724, 2244.7878046390724], [2247.048949830034, 2252.048949830034], [2254.4000756666665, 2259.4000756666665], [2265.539286242751, 2270.539286242751]]",0.8,['20220916'],B32♀,wulst,zebra finch,positive control,DJP
MM_20220621.pickle,386,3HZ_2022-06-21_15-01-35,"[[2885.1864, 2942.1851333333334]]",3,['20220621'],Or237♀,cerebellum,zebra finch,mag,DJP
MM_20220621.pickle,386,4HZ_2022-06-21_15-03-26,"[[3006.0298333333335, 3062.781933333333]]",4,['20220621'],Or237♀,cerebellum,zebra finch,mag,DJP
MM_20220621.pickle,386,5HZ_2022-06-21_15-06-07,"[[3094.632633333333, 3123.435033333333]]",5,['20220621'],Or237♀,cerebellum,zebra finch,mag,DJP
MM_20220621.pickle,386,7HZ_2022-06-21_15-07-27,"[[3183.4771, 3292.7645333333335]]",7,['20220621'],Or237♀,cerebellum,zebra finch,mag,DJP
MM_20220421.pickle,575,mag1Hz_2022-04-21_18-06-30,"[[953.6186666666666, 1048.6028666666666]]",1,['20220421'],S37♀,cerebellum,zebra finch,mag,DJP
MM_20220421.pickle,575,mag5Hz_2022-04-21_18-12-27,"[[1273.2050666666667, 1341.0069666666666]]",5,['20220421'],S37♀,cerebellum,zebra finch,mag,DJP
MM_20220421.pickle,575,mag8Hz_2022-04-21_18-14-58,"[[1438.1341, 1482.8863666666666]]",8,['20220421'],S37♀,cerebellum,zebra finch,mag,DJP
MM_20220421.pickle,575,mag10Hz_2022-04-21_18-17-43,"[[1555.4461333333334, 1601.4475333333332]]",10,['20220421'],S37♀,cerebellum,zebra finch,mag,DJP
MM_20220421.pickle,575,mag3Hz_2022-04-21_18-19-59,"[[1642.5679333333333, 1686.5697333333333]]",3,['20220421'],S37♀,cerebellum,zebra finch,mag,DJP
MM_20220408.pickle,560,mag10hz_2022-04-08_15-26-22,"[[1403.7345666666668, 1480.3381666666667]]",10,['20220408'],V649♀,NCM,zebra finch,mag,DJP
MM_20220408.pickle,560,mag5hz_2022-04-08_15-28-47,"[[1516.1311333333333, 1570.9296666666667]]",5,['20220408'],V649♀,NCM,zebra finch,mag,DJP
MM_20220408.pickle,560,mag3hz_2022-04-08_15-31-11,"[[1610.2425, 1690.5783]]",3,['20220408'],V649♀,NCM,zebra finch,mag,DJP
MM_20220314.pickle,328,mag5hz_2022-03-14_18-15-42,"[[799.2206666666667, 849.8229666666666]]",5,['20220314'],G122♀,arcopallium,zebra finch,mag,DJP
