run,trial,freq,N,frac_p_lt_0.05,max_abs_ecdf_minus_p
separate_nas,magneto_0,0.1,166,0.0482,0.1236
separate_nas,magneto_0,0.01667,166,0.0301,0.0603
separate_nas,magneto_1,0.1,199,0.0452,0.1029
separate_nas,magneto_1,0.01667,199,0.2613,0.2935
separate_nas,magneto_2,0.1,213,0.061,0.0973
separate_nas,magneto_2,0.01667,213,0.2254,0.2719
separate_nas,no_magneto_0,0.1,144,0.0278,0.0551
separate_nas,no_magneto_0,0.01667,144,0.0347,0.1532
separate_nas,no_magneto_1,0.1,159,0.044,0.0612
separate_nas,no_magneto_1,0.01667,159,0.283,0.3193
separate_nas,no_magneto_2,0.1,153,0.0654,0.1223
separate_nas,no_magneto_2,0.01667,153,0.2745,0.2776
separate_local,magneto_0,0.1,146,0.0548,0.0873
separate_local,magneto_0,0.01667,146,0.0137,0.088
separate_local,magneto_1,0.1,223,0.0359,0.1156
separate_local,magneto_1,0.01667,223,0.2422,0.2657
separate_local,magneto_2,0.1,210,0.0571,0.0741
separate_local,magneto_2,0.01667,210,0.2095,0.2676
separate_local,no_magneto_0,0.1,145,0.0207,0.0867
separate_local,no_magneto_0,0.01667,145,0.0276,0.1441
separate_local,no_magneto_1,0.1,156,0.0449,0.1031
separate_local,no_magneto_1,0.01667,156,0.2949,0.3391
separate_local,no_magneto_2,0.1,140,0.0929,0.1232
separate_local,no_magneto_2,0.01667,140,0.3,0.3093
concat,magneto_0,0.1,175,0.04,0.1046
concat,magneto_0,0.01667,175,0.0057,0.0517
concat,magneto_1,0.1,175,0.0743,0.1337
concat,magneto_1,0.01667,175,0.32,0.3142
concat,magneto_2,0.1,176,0.0625,0.086
concat,magneto_2,0.01667,176,0.2898,0.2902
concat,no_magneto_0,0.1,178,0.0281,0.0679
concat,no_magneto_0,0.01667,178,0.0281,0.1388
concat,no_magneto_1,0.1,176,0.0739,0.0969
concat,no_magneto_1,0.01667,176,0.2443,0.2436
concat,no_magneto_2,0.1,176,0.0568,0.137
concat,no_magneto_2,0.01667,176,0.233,0.261
concat_aligned,magneto_0,0.1,171,0.0292,0.0658
concat_aligned,magneto_0,0.01667,171,0.0058,0.0557
concat_aligned,magneto_1,0.1,168,0.0774,0.1715
concat_aligned,magneto_1,0.01667,168,0.3333,0.3306
concat_aligned,magneto_2,0.1,171,0.0877,0.0856
concat_aligned,magneto_2,0.01667,171,0.269,0.2967
concat_aligned,no_magneto_0,0.1,173,0.0231,0.0601
concat_aligned,no_magneto_0,0.01667,173,0.0405,0.0784
concat_aligned,no_magneto_1,0.1,171,0.0702,0.1103
concat_aligned,no_magneto_1,0.01667,171,0.2456,0.2396
concat_aligned,no_magneto_2,0.1,170,0.0471,0.119
concat_aligned,no_magneto_2,0.01667,170,0.1941,0.1894
