ref,moving,dy,dx,peak,meanimg_pearson_r
fish3_8dpf_magneto_0,fish3_8dpf_magneto_0,0.0,-0.0,1.0,1.0
fish3_8dpf_magneto_0,fish3_8dpf_magneto_1,0.05,0.04,0.365,0.9706
fish3_8dpf_magneto_0,fish3_8dpf_magneto_2,-0.0,-0.04,0.3735,0.9709
fish3_8dpf_magneto_0,fish3_8dpf_no_magneto_0,-1.86,-0.14,0.1142,0.8016
fish3_8dpf_magneto_0,fish3_8dpf_no_magneto_1,-1.85,-0.23,0.1152,0.7518
fish3_8dpf_magneto_0,fish3_8dpf_no_magneto_2,-1.96,-0.27,0.0949,0.7187
fish3_8dpf_magneto_1,fish3_8dpf_magneto_0,-0.05,-0.04,0.365,0.9706
fish3_8dpf_magneto_1,fish3_8dpf_magneto_1,0.0,-0.0,1.0,1.0
fish3_8dpf_magneto_1,fish3_8dpf_magneto_2,-0.06,-0.07,0.4042,0.9776
fish3_8dpf_magneto_1,fish3_8dpf_no_magneto_0,-1.88,-0.16,0.136,0.7969
fish3_8dpf_magneto_1,fish3_8dpf_no_magneto_1,-1.89,-0.19,0.1988,0.7658
fish3_8dpf_magneto_1,fish3_8dpf_no_magneto_2,-1.97,-0.23,0.127,0.7178
fish3_8dpf_magneto_2,fish3_8dpf_magneto_0,0.0,0.04,0.3735,0.9709
fish3_8dpf_magneto_2,fish3_8dpf_magneto_1,0.06,0.07,0.4042,0.9776
fish3_8dpf_magneto_2,fish3_8dpf_magneto_2,-0.0,0.0,1.0,1.0
fish3_8dpf_magneto_2,fish3_8dpf_no_magneto_0,-1.86,-0.14,0.1191,0.8192
fish3_8dpf_magneto_2,fish3_8dpf_no_magneto_1,-1.88,-0.14,0.1346,0.7799
fish3_8dpf_magneto_2,fish3_8dpf_no_magneto_2,-1.98,-0.22,0.1184,0.7489
fish3_8dpf_no_magneto_0,fish3_8dpf_magneto_0,1.86,0.14,0.1142,0.8016
fish3_8dpf_no_magneto_0,fish3_8dpf_magneto_1,1.88,0.16,0.136,0.7969
fish3_8dpf_no_magneto_0,fish3_8dpf_magneto_2,1.86,0.14,0.1191,0.8192
fish3_8dpf_no_magneto_0,fish3_8dpf_no_magneto_0,0.0,-0.0,1.0,1.0
fish3_8dpf_no_magneto_0,fish3_8dpf_no_magneto_1,-0.02,0.01,0.4576,0.9649
fish3_8dpf_no_magneto_0,fish3_8dpf_no_magneto_2,-0.04,-0.02,0.4642,0.9497
fish3_8dpf_no_magneto_1,fish3_8dpf_magneto_0,1.85,0.23,0.1152,0.7518
fish3_8dpf_no_magneto_1,fish3_8dpf_magneto_1,1.89,0.19,0.1988,0.7658
fish3_8dpf_no_magneto_1,fish3_8dpf_magneto_2,1.88,0.14,0.1346,0.7799
fish3_8dpf_no_magneto_1,fish3_8dpf_no_magneto_0,0.02,-0.01,0.4576,0.9649
fish3_8dpf_no_magneto_1,fish3_8dpf_no_magneto_1,-0.0,0.0,1.0,1.0
fish3_8dpf_no_magneto_1,fish3_8dpf_no_magneto_2,-0.03,-0.03,0.5086,0.9527
fish3_8dpf_no_magneto_2,fish3_8dpf_magneto_0,1.96,0.27,0.0949,0.7187
fish3_8dpf_no_magneto_2,fish3_8dpf_magneto_1,1.97,0.23,0.127,0.7178
fish3_8dpf_no_magneto_2,fish3_8dpf_magneto_2,1.98,0.22,0.1184,0.7489
fish3_8dpf_no_magneto_2,fish3_8dpf_no_magneto_0,0.04,0.02,0.4642,0.9497
fish3_8dpf_no_magneto_2,fish3_8dpf_no_magneto_1,0.03,0.03,0.5086,0.9527
fish3_8dpf_no_magneto_2,fish3_8dpf_no_magneto_2,0.0,-0.0,1.0,1.0
