trial_i,trial_j,population,n_i,n_j,n_matched,frac_of_smaller,dist_median,dist_p90,iou_median,iou_p10,shift_dy,shift_dx,inc_i_with_any_partner,inc_i_partner_included
magneto_0,magneto_1,all,4918,4859,1400,0.2881,1.054,1.947,0.167,0.0,0.05,0.04,,
magneto_0,magneto_1,included,166,199,17,0.1024,1.04,1.589,0.375,0.291,0.05,0.04,66,14
magneto_0,magneto_2,all,4918,4889,1385,0.2833,1.035,1.965,0.182,0.0,-0.0,-0.04,,
magneto_0,magneto_2,included,166,213,22,0.1325,1.035,2.0,0.293,0.173,-0.0,-0.04,65,17
magneto_0,no_magneto_0,all,4918,4941,1353,0.2751,1.148,1.866,0.167,0.0,-1.86,-0.14,,
magneto_0,no_magneto_0,included,166,144,15,0.1042,1.148,1.428,0.387,0.221,-1.86,-0.14,57,11
magneto_0,no_magneto_1,all,4918,4957,1398,0.2843,1.235,1.863,0.167,0.0,-1.85,-0.23,,
magneto_0,no_magneto_1,included,166,159,14,0.0881,1.439,1.863,0.283,0.09,-1.85,-0.23,59,11
magneto_0,no_magneto_2,all,4918,4946,1397,0.2841,1.267,1.974,0.167,0.0,-1.96,-0.27,,
magneto_0,no_magneto_2,included,166,153,10,0.0654,1.272,1.65,0.342,0.282,-1.96,-0.27,49,6
magneto_1,magneto_2,all,4859,4889,1417,0.2916,1.074,1.929,0.2,0.0,-0.06,-0.07,,
magneto_1,magneto_2,included,199,213,26,0.1307,1.074,1.945,0.361,0.25,-0.06,-0.07,68,22
magneto_1,no_magneto_0,all,4859,4941,1336,0.275,1.171,1.839,0.167,0.0,-1.88,-0.16,,
magneto_1,no_magneto_0,included,199,144,10,0.0694,1.337,1.844,0.319,0.155,-1.88,-0.16,61,9
magneto_1,no_magneto_1,all,4859,4957,1313,0.2702,1.19,1.818,0.167,0.0,-1.89,-0.19,,
magneto_1,no_magneto_1,included,199,159,13,0.0818,1.209,1.846,0.346,0.217,-1.89,-0.19,60,8
magneto_1,no_magneto_2,all,4859,4946,1298,0.2671,1.23,1.771,0.167,0.0,-1.97,-0.23,,
magneto_1,no_magneto_2,included,199,153,16,0.1046,1.057,1.585,0.382,0.199,-1.97,-0.23,63,11
magneto_2,no_magneto_0,all,4889,4941,1356,0.2774,1.143,1.869,0.167,0.0,-1.86,-0.14,,
magneto_2,no_magneto_0,included,213,144,11,0.0764,1.143,1.427,0.389,0.238,-1.86,-0.14,75,8
magneto_2,no_magneto_1,all,4889,4957,1305,0.2669,1.15,1.861,0.167,0.0,-1.88,-0.14,,
magneto_2,no_magneto_1,included,213,159,12,0.0755,1.134,1.853,0.366,0.206,-1.88,-0.14,60,12
magneto_2,no_magneto_2,all,4889,4946,1341,0.2743,1.223,1.777,0.167,0.0,-1.98,-0.22,,
magneto_2,no_magneto_2,included,213,153,15,0.098,1.25,1.593,0.304,0.214,-1.98,-0.22,79,13
no_magneto_0,no_magneto_1,all,4941,4957,1417,0.2868,1.02,1.98,0.188,0.0,-0.02,0.01,,
no_magneto_0,no_magneto_1,included,144,159,27,0.1875,0.987,1.427,0.471,0.21,-0.02,0.01,69,23
no_magneto_0,no_magneto_2,all,4941,4946,1440,0.2914,1.038,1.963,0.167,0.0,-0.04,-0.02,,
no_magneto_0,no_magneto_2,included,144,153,25,0.1736,1.017,1.432,0.438,0.261,-0.04,-0.02,47,24
no_magneto_1,no_magneto_2,all,4957,4946,1426,0.2883,1.032,1.969,0.2,0.0,-0.03,-0.03,,
no_magneto_1,no_magneto_2,included,159,153,21,0.1373,1.028,1.418,0.471,0.211,-0.03,-0.03,57,14
