run,trial,n_roi,n_iscell_npix,n_included,n_included_within_10px_of_edge
separate_nas,magneto_0,4918,168,166,15.0
separate_nas,magneto_1,4859,201,199,14.0
separate_nas,magneto_2,4889,216,213,18.0
separate_nas,no_magneto_0,4941,145,144,5.0
separate_nas,no_magneto_1,4957,160,159,12.0
separate_nas,no_magneto_2,4946,154,153,12.0
separate_nas,sum_over_trials,29510,1044,1034,
separate_local,magneto_0,4928,149,146,14.0
separate_local,magneto_1,4869,227,223,14.0
separate_local,magneto_2,4900,215,210,20.0
separate_local,no_magneto_0,4952,145,145,11.0
separate_local,no_magneto_1,4958,161,156,9.0
separate_local,no_magneto_2,4952,143,140,10.0
separate_local,sum_over_trials,29559,1040,1020,
concat,magneto_0,4970,181,175,33.0
concat,magneto_1,4970,181,175,35.0
concat,magneto_2,4970,181,176,37.0
concat,no_magneto_0,4970,181,178,35.0
concat,no_magneto_1,4970,181,176,35.0
concat,no_magneto_2,4970,181,176,36.0
concat,included_in_all_6,4970,181,160,
concat,included_in_any,4970,181,181,
concat_aligned,magneto_0,4959,176,171,28.0
concat_aligned,magneto_1,4959,176,168,28.0
concat_aligned,magneto_2,4959,176,171,33.0
concat_aligned,no_magneto_0,4959,176,173,32.0
concat_aligned,no_magneto_1,4959,176,171,32.0
concat_aligned,no_magneto_2,4959,176,170,32.0
concat_aligned,included_in_all_6,4959,176,150,
concat_aligned,included_in_any,4959,176,176,
