session,recording,run,rois,frames,n,share_clipped,active_frac_median,coverage_mean,coverage_q10,coverage_q25,coverage_q50,coverage_q75,coverage_q90,n_coverage_ge_01,share_coverage_ge_01
2022_10_01-fish2_cytoGCaMP,2022_10_01_fish2_magneto_0.tif,old,all,1080,4840,1.0,0.000925925925925926,0.03774104683195592,0.0,0.0,0.0,0.0,0.05555555555555555,401,0.08285123966942148
2022_10_01-fish2_cytoGCaMP,2022_10_01_fish2_magneto_0.tif,old,pass,1080,411,1.0,0.012962962962962963,0.23141389564747225,0.0,0.0,0.05555555555555555,0.3888888888888889,0.7222222222222222,203,0.49391727493917276
2022_10_01-fish2_cytoGCaMP,2022_10_01_fish2_magneto_1.tif,old,all,1080,4840,1.0,0.000925925925925926,0.05833333333333334,0.0,0.0,0.0,0.0,0.16666666666666666,609,0.12582644628099174
2022_10_01-fish2_cytoGCaMP,2022_10_01_fish2_magneto_1.tif,old,pass,1080,411,1.0,0.030555555555555555,0.3292781832927818,0.0,0.0,0.2222222222222222,0.5833333333333334,0.8888888888888888,267,0.6496350364963503
2022_10_01-fish2_cytoGCaMP,2022_10_01_fish2_magneto_2.tif,old,all,1080,4840,0.9997933884297521,0.000925925925925926,0.05472910927456383,0.0,0.0,0.0,0.0,0.1111111111111111,550,0.11363636363636363
2022_10_01-fish2_cytoGCaMP,2022_10_01_fish2_magneto_2.tif,old,pass,1080,411,1.0,0.023148148148148147,0.3083265747499324,0.0,0.0,0.16666666666666666,0.6111111111111112,0.8888888888888888,238,0.5790754257907542
2022_10_01-fish2_cytoGCaMP,2022_10_01_fish2_no_magneto_0.tif,old,all,1080,4840,0.9995867768595041,0.000925925925925926,0.0363406795224977,0.0,0.0,0.0,0.0,0.05555555555555555,459,0.09483471074380165
2022_10_01-fish2_cytoGCaMP,2022_10_01_fish2_no_magneto_0.tif,old,pass,1080,411,0.9975669099756691,0.012962962962962963,0.21113814544471476,0.0,0.0,0.05555555555555555,0.2777777777777778,0.7222222222222222,196,0.4768856447688564
2022_10_01-fish2_cytoGCaMP,2022_10_01_fish2_no_magneto_1.tif,old,all,1080,4840,0.9991735537190083,0.000925925925925926,0.08344811753902662,0.0,0.0,0.0,0.0,0.2777777777777778,788,0.1628099173553719
2022_10_01-fish2_cytoGCaMP,2022_10_01_fish2_no_magneto_1.tif,old,pass,1080,411,0.9927007299270073,0.05185185185185185,0.4687753446877535,0.0,0.05555555555555555,0.4444444444444444,0.8888888888888888,1.0,291,0.708029197080292
2022_10_01-fish2_cytoGCaMP,2022_10_01_fish2_no_magneto_2.tif,old,all,1080,4840,0.9991735537190083,0.000925925925925926,0.0748507805325987,0.0,0.0,0.0,0.0,0.2222222222222222,726,0.15
2022_10_01-fish2_cytoGCaMP,2022_10_01_fish2_no_magneto_2.tif,old,pass,1080,411,0.9951338199513382,0.03981481481481482,0.4190321708569884,0.0,0.0,0.3333333333333333,0.8333333333333334,1.0,270,0.656934306569343
2022_10_01-fish2_cytoGCaMP,2022_10_01_fish2_magneto_0.tif,v1,all,1080,4896,1.0,0.0,0.019119916485112565,0.0,0.0,0.0,0.0,0.0,223,0.04554738562091503
2022_10_01-fish2_cytoGCaMP,2022_10_01_fish2_magneto_0.tif,v1,pass,1080,328,1.0,0.009722222222222222,0.18766937669376693,0.0,0.0,0.05555555555555555,0.2777777777777778,0.6666666666666666,141,0.4298780487804878
2022_10_01-fish2_cytoGCaMP,2022_10_01_fish2_magneto_1.tif,v1,all,1080,4896,1.0,0.000925925925925926,0.0371278140885984,0.0,0.0,0.0,0.0,0.05555555555555555,447,0.09129901960784313
2022_10_01-fish2_cytoGCaMP,2022_10_01_fish2_magneto_1.tif,v1,pass,1080,328,1.0,0.023148148148148147,0.3053861788617886,0.0,0.0,0.16666666666666666,0.5,0.8888888888888888,199,0.6067073170731707
2022_10_01-fish2_cytoGCaMP,2022_10_01_fish2_magneto_2.tif,v1,all,1080,4896,1.0,0.000925925925925926,0.03238471314451707,0.0,0.0,0.0,0.0,0.05555555555555555,380,0.07761437908496732
2022_10_01-fish2_cytoGCaMP,2022_10_01_fish2_magneto_2.tif,v1,pass,1080,328,1.0,0.020370370370370372,0.27337398373983735,0.0,0.0,0.1388888888888889,0.5,0.8333333333333334,187,0.5701219512195121
2022_10_01-fish2_cytoGCaMP,2022_10_01_fish2_no_magneto_0.tif,v1,all,1080,4896,0.9997957516339869,0.0,0.022773692810457515,0.0,0.0,0.0,0.0,0.0,268,0.05473856209150327
2022_10_01-fish2_cytoGCaMP,2022_10_01_fish2_no_magneto_0.tif,v1,pass,1080,328,1.0,0.012962962962962963,0.20172764227642279,0.0,0.0,0.05555555555555555,0.2361111111111111,0.7222222222222222,159,0.4847560975609756
2022_10_01-fish2_cytoGCaMP,2022_10_01_fish2_no_magneto_1.tif,v1,all,1080,4896,0.9991830065359477,0.000925925925925926,0.06750408496732026,0.0,0.0,0.0,0.0,0.16666666666666666,619,0.1264297385620915
2022_10_01-fish2_cytoGCaMP,2022_10_01_fish2_no_magneto_1.tif,v1,pass,1080,328,0.9939024390243902,0.07083333333333333,0.55420054200542,0.0,0.16666666666666666,0.6111111111111112,0.9444444444444444,1.0,264,0.8048780487804879
2022_10_01-fish2_cytoGCaMP,2022_10_01_fish2_no_magneto_2.tif,v1,all,1080,4896,0.9991830065359477,0.000925925925925926,0.05916394335511982,0.0,0.0,0.0,0.0,0.1111111111111111,558,0.11397058823529412
2022_10_01-fish2_cytoGCaMP,2022_10_01_fish2_no_magneto_2.tif,v1,pass,1080,328,0.9939024390243902,0.054629629629629625,0.48424796747967475,0.0,0.05555555555555555,0.5,0.8888888888888888,1.0,239,0.7286585365853658
