session,run,suite2p_version,n_rois,n_pass,n_p_gt_05,n_npix_ge_10,p_mean,p_q10,p_q25,p_q50,p_q75,p_q90,npix_mean,npix_q10,npix_q25,npix_q50,npix_q75,npix_q90,seconds_suite2p
2022_02_21,old,0.14.4,3821,1464,1477,3669,0.4029302294841885,0.0148646938421795,0.0545077408582921,0.3241694043569003,0.7575114242786032,0.925456532233922,52.92410363779116,12.0,22.0,46.0,71.0,96.0,1635.6916761398315
2022_02_21,v1,1.1.0,3834,1619,1624,3676,0.4241580957719273,0.0167060186506059,0.06074188974702,0.3722463026245614,0.7857241617702944,0.9275244978777732,53.28429838288993,13.0,23.0,47.0,71.0,97.0,2680.4984500408173
2022_09_14-fish2_cytoGCaMP,old,0.10.1,3981,465,705,1145,0.2457348675026175,0.0020056096424021,0.0096022130479833,0.1936514198421718,0.4236551423549606,0.6467039552721384,10.651846269781462,3.0,4.0,6.0,10.0,21.0,1003.1889295578004
2022_09_14-fish2_cytoGCaMP,v1,1.1.0,3922,488,986,883,0.2895738983380743,0.0040954845920936,0.0254448046979642,0.2500441271643015,0.5049655398745242,0.805544333431249,9.109892911779705,2.0,3.0,5.0,9.0,17.0,135.474858045578
2022_09_15-fish1_cytoGCaMP,old,0.10.1,4165,202,549,286,0.2257973323704952,0.0001252972893285,0.0025294628010651,0.2584475185496804,0.3382526628522912,0.6847511975151513,4.133253301320528,1.0,2.0,3.0,4.0,7.599999999999909,1038.6598734855652
2022_09_15-fish1_cytoGCaMP,v1,1.1.0,4168,182,517,254,0.29301647572685,0.0049760983696044,0.1039594471812396,0.2739875627637331,0.3536466428760777,0.7747035859177414,3.7735124760076775,1.0,2.0,2.0,4.0,7.0,2459.1951184272766
2022_10_01-fish1_cytoGCamp,old,0.10.1,4705,613,1048,1157,0.2846859090385,0.0001409302886291,0.0030211483363,0.2281583674528378,0.4922218614366489,0.7092298737038216,8.801912858661,4.0,4.0,6.0,9.0,17.0,773.3557026386261
2022_10_01-fish1_cytoGCamp,v1,1.1.0,4735,669,1579,975,0.3950658538054478,0.0244277182475175,0.2465774930845902,0.3367289680431718,0.5571821482130175,0.7934556300109978,7.707708553326293,3.0,4.0,5.0,8.0,15.0,61.01420545578003
2022_10_01-fish2_cytoGCaMP,old,0.10.1,4840,411,839,697,0.2511917600118762,0.0001409302886291,0.0001409302886291,0.2521087520491201,0.4922218614366489,0.6795864082338259,6.900413223140496,3.0,4.0,4.0,7.0,12.0,275.72864031791687
2022_10_01-fish2_cytoGCaMP,v1,1.1.0,4896,328,1348,457,0.4154271318732193,0.0378512675290804,0.3367289680431718,0.3821545316157363,0.6857647386992329,0.8319921552020634,5.7432598039215685,3.0,4.0,4.0,6.0,9.0,51.67957353591919
Medaka Experiments/fish3_8dpf_gcamp_good/fish3_8dpf_magneto_0,old,0.10.1,4918,289,1348,397,0.3570470172956592,0.0006866527372018,0.0045212388394215,0.324767339559837,0.6075056347371244,0.8992102731888864,5.2342415616104105,3.0,3.0,4.0,6.0,8.0,117.40943217277528
Medaka Experiments/fish3_8dpf_gcamp_good/fish3_8dpf_magneto_0,v1,1.1.0,4928,83,3768,164,0.7128296951457014,0.1150140216053432,0.6046505684961863,0.8547611691614908,0.9445045562976314,0.986744823188052,4.420657467532467,2.0,3.0,4.0,5.0,7.0,16.721685886383057
Medaka Experiments/fish3_8dpf_gcamp_good/fish3_8dpf_magneto_1,old,0.10.1,4859,336,1210,561,0.2954919948491368,0.0002270151941317,0.0048377989308886,0.2584475185496804,0.4929525167643694,0.8190233626469011,5.9755093640666805,3.0,4.0,4.0,6.0,10.0,110.03439521789552
Medaka Experiments/fish3_8dpf_gcamp_good/fish3_8dpf_magneto_1,v1,1.1.0,4865,211,3363,363,0.6487584667913094,0.0723463389131861,0.4321201764488404,0.7548930999499406,0.8547611691614908,0.9646084619566996,5.074409044193217,3.0,3.0,4.0,6.0,8.0,30.24356269836425
Medaka Experiments/fish3_8dpf_gcamp_good/fish3_8dpf_magneto_2,old,0.10.1,4889,350,1217,511,0.3127014234206142,0.0002831263300966,0.004606018354034,0.2584475185496804,0.4893495058768512,0.8471764240579814,5.713029249335243,3.0,3.0,4.0,6.0,10.0,110.97251415252686
Medaka Experiments/fish3_8dpf_gcamp_good/fish3_8dpf_magneto_2,v1,1.1.0,4868,176,3767,329,0.6837730411192069,0.1063224973874362,0.5543878117791937,0.7842358101771183,0.9045651211470556,0.9770313097230232,4.964256368118324,3.0,3.0,4.0,5.0,8.0,71.6318006515503
Medaka Experiments/fish3_8dpf_gcamp_good/fish3_8dpf_no_magneto_0,old,0.10.1,4941,238,1282,348,0.3523686511699858,0.0008068177428863,0.0045212388394215,0.3382526628522912,0.5433085134310377,0.8925124021060472,5.107872900222627,3.0,3.0,4.0,5.0,8.0,110.6572527885437
Medaka Experiments/fish3_8dpf_gcamp_good/fish3_8dpf_no_magneto_0,v1,1.1.0,4926,96,3784,195,0.6731061774105163,0.0935412835953123,0.5370975421028679,0.7842358101771183,0.9045651211470556,0.9770313097230232,4.420219244823386,2.0,3.0,4.0,5.0,7.0,424.65432691574097
Medaka Experiments/fish3_8dpf_gcamp_good/fish3_8dpf_no_magneto_1,old,0.10.1,4957,221,2334,384,0.419510421669038,0.0013655619231692,0.009151283132194,0.3806500479507582,0.7320621596996462,0.9298369282362172,5.243292313899536,3.0,3.0,4.0,6.0,8.0,109.87474584579468
Medaka Experiments/fish3_8dpf_gcamp_good/fish3_8dpf_no_magneto_1,v1,1.1.0,4929,126,3772,215,0.6721654016116616,0.0984016689662156,0.5112329555732575,0.7842358101771183,0.9045651211470556,0.9770313097230232,4.584702779468452,3.0,3.0,4.0,5.0,7.0,97.501455783844
Medaka Experiments/fish3_8dpf_gcamp_good/fish3_8dpf_no_magneto_2,old,0.10.1,4946,213,2260,364,0.3896612723306034,0.0011343493577758066,0.007447623849663114,0.3419087163479595,0.5572522475112871,0.9149881201025722,5.035786494136676,3.0,3.0,4.0,5.0,8.0,110.9019627571106
Medaka Experiments/fish3_8dpf_gcamp_good/fish3_8dpf_no_magneto_2,v1,1.1.0,4917,93,3749,190,0.7094702402826147,0.10134560736926418,0.603954694091319,0.8547611691614908,0.9445045562976314,0.986744823188052,4.403701443969901,2.0,3.0,4.0,5.0,7.0,1835.3462195396423
