experiment,batch,kind,n,lag1,lag2,lag3,lag4,lag5,lag6,lag7,lag8,lag9,lag10,lag11,lag12,lag13,lag14,lag15,lag16
medaka_fish3_8dpf_magneto_0,medaka 0.1 Hz,real,166,0.06518068098598241,0.03539757922872927,-0.0065161474035589795,0.027490945937838795,-0.02479324523580715,-0.022763110417185862,-0.00996377100226698,0.012650869180514702,-0.0365625381217475,-0.025874830943656977,-0.015156826503695849,-0.06248898431705465,-0.032773322028555776,-0.025445759253357163,-0.009756401675752842,-0.002799973068191023
medaka_fish3_8dpf_magneto_0,medaka 0.1 Hz,detrended,166,0.0636121633364942,0.034945636097464025,-0.008820571421772542,0.028553934247134927,-0.024933662012742726,-0.022133228265632358,-0.008374639647930011,0.011852862628728592,-0.03453648440413846,-0.024882127051697327,-0.01214796283724369,-0.057767155395053546,-0.028975847687955178,-0.02031958647319131,-0.005371990215825451,-0.0015246952653261018
medaka_fish3_8dpf_magneto_0,medaka 0.1 Hz,detrended + envelope-normalised,166,-0.05114572390361956,-0.0341134079546823,-0.057552871034175015,-0.040239195538965704,-0.04325584088576746,-0.04882398952176504,-0.03130967119072205,-0.007289540481317392,-0.008250626699989666,-0.02725175653802841,-0.015366903855522042,-0.054805513725104754,-0.018413875936021607,-0.027284042633415585,-0.005721629635158903,0.0017602516217373897
medaka_fish3_8dpf_magneto_0,medaka 0.1 Hz,"Gaussian, smooth spectrum",166,0.005725246511783678,0.009037010541835476,0.0022188478589296933,0.0049432748765663925,-0.013063823388455164,-0.016594036520507484,-0.01627401427728452,-0.01385264201181276,-0.03308116178545609,-0.027509176961226584,-0.03472139898452482,-0.0393282991297576,-0.021804520581633468,-0.03301329379054574,-0.01955402272837171,-0.011933136131971597
medaka_fish3_8dpf_magneto_0,medaka 0.1 Hz,"Gaussian, smooth spectrum x envelope",166,0.15604977431805014,0.10312664851832211,0.07554651176638928,0.07186956370346397,0.025248863283239876,0.006123561998324128,-0.0216465677225658,-0.01936996118189642,-0.03448647213540492,-0.06161789384659839,-0.054508141892949384,-0.06712992397478554,-0.06291078152247748,-0.04787843839327375,-0.051216504700729415,-0.029347595097356082
medaka_fish3_8dpf_magneto_0,medaka 0.1 Hz,white x envelope,166,0.1216254811181649,0.0883807437572968,0.0326952782466817,0.04416157923167227,-0.002576993216150137,0.015973242831906372,-0.00997402431326538,-0.009315489548012458,-0.03819794682752791,-0.0355028685987027,-0.043878657616076816,-0.0405430868386735,-0.05423030468599285,-0.05001018019201095,-0.0513262833601246,-0.02351632302175945
medaka_fish3_8dpf_magneto_0,medaka 0.1 Hz,white,166,-0.031601432419480116,-0.03512786770709838,-0.02032413046087005,-0.030268605865963246,-0.016904997298230577,-0.01963584531572439,-0.0233887705380003,-0.0274987519053089,-0.028137530595475316,-0.022175727412914233,-0.014792660105416066,-0.028164319589471094,-0.023957386194007946,-0.02201225021905528,-0.008163313974788887,0.019511209094217868
medaka_fish3_8dpf_magneto_1,medaka 0.1 Hz,real,199,0.07322712574888199,0.005973599466386451,-0.007014711038298174,-0.020985008782565998,-0.007835036182446574,0.00427594246400279,-0.02875368684826063,-0.028008874119333223,-0.021258373984168705,-0.03966455150300992,-0.030551200237589633,-0.03613789506062993,-0.03693026543346243,-0.0019730021390542787,-0.015524215531744002,-0.017701063040515077
medaka_fish3_8dpf_magneto_1,medaka 0.1 Hz,detrended,199,0.0743715359677207,0.007601718045545782,-0.005663028545936062,-0.020809725804217655,-0.00647904544353537,0.004798540806213291,-0.026673448406435995,-0.025047757853204015,-0.021538638859518518,-0.03860519186050798,-0.028164949375322892,-0.033736450085848343,-0.036299147790054546,-0.0012319846999914166,-0.018993508268976455,-0.017936852498038103
medaka_fish3_8dpf_magneto_1,medaka 0.1 Hz,detrended + envelope-normalised,199,-0.03395073533670521,-0.034252628625792335,-0.03053459226668753,-0.04588670071994181,-0.0309319656022083,-0.014564105794286209,-0.03500373091411336,-0.033263623450104016,-0.04171136543102528,-0.06329167193930647,-0.01959947421584936,-0.035908937001069986,-0.030317304624168144,0.010273062108923854,-0.0352880216504884,0.0077257017400594995
medaka_fish3_8dpf_magneto_1,medaka 0.1 Hz,"Gaussian, smooth spectrum",199,0.00880495000100563,0.01728685951251757,0.0039047190892584926,0.008909089455437483,-0.01121137509854111,-0.016567146186776033,-0.023426085005241796,-0.01801127763122484,-0.028076430088319074,-0.03996307764025534,-0.024111819352564318,-0.0372344607662397,-0.019249557794440156,-0.00028542166535394767,0.0034335510756241367,-0.0011891340013148385
medaka_fish3_8dpf_magneto_1,medaka 0.1 Hz,"Gaussian, smooth spectrum x envelope",199,0.1738540308045772,0.11838533134591649,0.09328268654188288,0.052688312154516255,0.041056251904858954,0.026338099592047488,0.007666008060069878,-0.021269370226618567,-0.018167833565843814,-0.036958368444007295,-0.05084750238714955,-0.048913432634921095,-0.058022785742509374,-0.04541120816874881,-0.04682534109255911,-0.015600942944582216
medaka_fish3_8dpf_magneto_1,medaka 0.1 Hz,white x envelope,199,0.12719283858387823,0.09674846173055011,0.0597982343987706,0.050987177988037945,0.05057579401886971,0.028887255936197478,-0.0246938792759881,-0.039120258452845745,-0.03741841158519239,-0.0658726152543997,-0.04025070421280644,-0.057723270387488,-0.05436042666129806,-0.041539187858423185,-0.05397096177199335,-0.0402791600242507
medaka_fish3_8dpf_magneto_1,medaka 0.1 Hz,white,199,-0.035365515913816925,-0.01887538506398483,-0.029832937740876742,-0.03924490083871199,-0.03787298656387175,-0.030478146152325577,-0.023362772007327448,-0.03541237834869345,-0.026719587476453085,-0.016155380922635344,-0.012140156415055989,-0.007100027202429016,-0.018533851668163567,-0.014068349627665936,-0.006258294494500004,-0.023674925296672162
medaka_fish3_8dpf_magneto_2,medaka 0.1 Hz,real,213,0.06838384797507895,0.0007498258597425413,-0.010390491437402604,-0.031384326083462664,-0.01175499468929396,0.005941484090213051,-0.02212850355856989,-0.010359305627367582,-0.021341217927462,-0.02856386708731545,-0.04525293123947896,-0.011499986207210997,-0.029923509005712844,-0.03749544177558286,-0.014666135540778617,-0.02187852540089244
medaka_fish3_8dpf_magneto_2,medaka 0.1 Hz,detrended,213,0.06820316261148342,0.0003958492642176092,-0.01183867859500969,-0.0322593212861007,-0.011302247356725312,0.006801732657000149,-0.021204201535568623,-0.009810906648424053,-0.01896429814034198,-0.026637547011644967,-0.04504083959301762,-0.012034651881878574,-0.026644362141513635,-0.034758882863611514,-0.014433231465519105,-0.02194248706209458
medaka_fish3_8dpf_magneto_2,medaka 0.1 Hz,detrended + envelope-normalised,213,-0.03416460393983014,-0.05278985085977582,-0.013448270562929254,-0.03965594067798573,-0.05183929390755291,-0.04557893494949125,-0.024867750927223275,-0.03179342184335384,-0.007022825551101507,-0.03252031405217709,-0.04444406807121183,-0.012281145722546745,-0.003011926486973443,-0.03421652731908313,-0.008771061230130248,0.011802968506834141
medaka_fish3_8dpf_magneto_2,medaka 0.1 Hz,"Gaussian, smooth spectrum",213,0.005001119771589367,0.004762501455245513,-0.004407477881720307,0.0036001102414110545,-0.014230775596359322,-0.01399132342067227,-0.01455574116820015,-0.014776679702514957,-0.03641381413943496,-0.048476032215070776,-0.030828108035022395,-0.032942707239323216,-0.04112106994681875,-0.020966436950488266,-0.02866505963374624,-0.004777708038540357
medaka_fish3_8dpf_magneto_2,medaka 0.1 Hz,"Gaussian, smooth spectrum x envelope",213,0.1706718283395767,0.08998533285830958,0.06967248210060195,0.05704964801367602,0.04228481136704528,0.022977527467166536,-0.0048274642425696086,-0.017962557941664323,-0.03355666639852021,-0.05710871867910106,-0.05679255121997023,-0.04178505743516361,-0.05774816150185378,-0.048374362699179864,-0.06544933276836597,-0.019640617500304724
medaka_fish3_8dpf_magneto_2,medaka 0.1 Hz,white x envelope,213,0.13776403764354872,0.08998765125239627,0.057071591512409266,0.03640715044740017,0.030667695251195722,0.007081692765669324,0.0011551159670677897,-0.01652760371072187,-0.02892171401308131,-0.055193898902397336,-0.0597471895812692,-0.06346509189486434,-0.06787476458764141,-0.05862582320627907,-0.05269043734509247,-0.04804844387487032
medaka_fish3_8dpf_magneto_2,medaka 0.1 Hz,white,213,-0.034002201610617226,-0.03414401830470655,-0.035888627813541345,-0.03858719431772653,-0.023457612594243896,-0.030385037365007545,-0.015196083659738902,-0.02982132416399323,-0.02326703323640983,-0.021109069808991795,-0.02497865822081603,-0.016088873324574204,-0.010737462902448645,-0.008639313587447404,-0.003129781115604607,-0.00986215983215257
engert_20220221_magnet,zebrafish 0.4 Hz (2022 Q1),real,1333,0.02100081664211163,0.002559261880804589,-0.001353075477878372,-0.003123268135497086,-0.0016407451594643513,-0.004830067436353549,-0.006633723111180727,-0.0055881212468679746,-0.009884794858442767,-0.0033302054633142226,-0.006334756386895747,-0.00746423935851815,-0.005604510932174261,-0.002686723997696201,-0.007261756692199192,-0.0074196678701057405
engert_20220221_magnet,zebrafish 0.4 Hz (2022 Q1),detrended,1333,0.021065709808121922,0.002516185586735333,-0.0014153872371248592,-0.0028851136066088945,-0.0018523759948902276,-0.004863924910625635,-0.006974253904960989,-0.005406676143555436,-0.009718944586163228,-0.0031365106050286716,-0.006478088278253292,-0.007577990511784462,-0.005730198604364207,-0.0027184088579891926,-0.007204275381038794,-0.007367243793207014
engert_20220221_magnet,zebrafish 0.4 Hz (2022 Q1),detrended + envelope-normalised,1333,-0.004962068275360454,-0.010331488125829598,-0.008265536603210756,-0.00886292405398548,-0.00696022722384543,-0.012167566884609004,-0.010903065563240305,-0.010129024624518953,-0.012481892933187376,-0.00675584389436829,-0.008359298415654385,-0.008124409109529699,-0.006856585118000767,-0.004412151148998562,-0.008372966910693481,-0.00613983598510454
engert_20220221_magnet,zebrafish 0.4 Hz (2022 Q1),"Gaussian, smooth spectrum",1333,0.0014023119807307258,0.00398447272647244,0.005584416125616907,0.0033226411510001966,0.0030842159033092954,0.005215673887699051,0.004833474106354807,0.0002379393156040123,0.0018426171828120157,0.0001167059092946401,0.0013332772132116106,0.0035656180020529945,0.00169735928984331,-0.0007069232823760956,0.00041313439469209683,0.002014836034328385
engert_20220221_magnet,zebrafish 0.4 Hz (2022 Q1),"Gaussian, smooth spectrum x envelope",1333,0.054445877273780696,0.03024948779787839,0.02099175382974816,0.017380731910794197,0.013019533773869942,0.013805256073903033,0.006911105775608817,0.008538056951942015,0.0045157803111413285,0.005234841375977021,0.0030562133642994664,0.0007725302325134285,0.0018910333184563085,0.002665364802028704,-0.0012870352839019783,-0.000820384372290331
engert_20220221_magnet,zebrafish 0.4 Hz (2022 Q1),white x envelope,1333,0.045684813698078065,0.016458062803820634,0.009598678126942886,0.007695152193809562,0.0026033705329785058,0.0022155104905772186,-0.0043499949407145065,-0.002159000424074776,-0.004528739352983111,-0.003412423034776324,-0.006728309699206583,-0.008995384923392328,-0.00753117646864454,-0.0054768104506308255,-0.007580257377833238,-0.0074767063074996755
engert_20220221_magnet,zebrafish 0.4 Hz (2022 Q1),white,1333,-0.006539699951910761,-0.005221006158579578,-0.007114042260658329,-0.005791622803823275,-0.007444039047959937,-0.006571733713377259,-0.006856050155917222,-0.008339235714368126,-0.007837844918853365,-0.006960879746880991,-0.004902235537426041,-0.006883221017314203,-0.006804030480866967,-0.008622038538962451,-0.004221558299887445,-0.005457533867894971
engert_20220221_visualmagnet,zebrafish 0.4 Hz (2022 Q1),real,1337,0.003624294667884448,-0.005809025878356482,-0.007385514427942757,-0.0055826759307654955,-0.004558386860805185,-0.003768964538818302,-0.005976245689371728,-0.007212917140597759,-0.009234815888573085,0.001585646478133638,-0.0005066042481224829,-0.010545595012031804,-0.00876597203542945,-0.004020926358834086,-0.0026962292802169036,-0.004547189792242734
engert_20220221_visualmagnet,zebrafish 0.4 Hz (2022 Q1),detrended,1337,0.0037363150801412582,-0.005745565025143477,-0.007338776237102121,-0.005723628451864149,-0.004440515510888688,-0.00360186922692914,-0.0060591256079358,-0.007100057165017316,-0.009259747392979993,0.001512006322471699,-0.00040056835498923404,-0.010589089907966587,-0.008980227280217303,-0.004183936188955193,-0.0027764232941652704,-0.004538150117352497
engert_20220221_visualmagnet,zebrafish 0.4 Hz (2022 Q1),detrended + envelope-normalised,1337,-0.0047096865721550215,-0.008671745870859346,-0.008949960961995356,-0.009056060302483007,-0.00858083037205445,-0.005730718736925724,-0.0072139640900267775,-0.007149081939657341,-0.011538779248254891,-0.007391215637106772,-0.004859798976842613,-0.011712032734001183,-0.011303248186358578,-0.0054140794857802125,-0.004689058799187731,-0.003994800670651081
engert_20220221_visualmagnet,zebrafish 0.4 Hz (2022 Q1),"Gaussian, smooth spectrum",1337,0.002404864125936004,0.004558911116751506,0.004917764246564515,0.0030395886739995296,0.001840701028746521,0.0024339459600386222,0.0029385825575416677,-0.0008639948576109963,0.0023856031718523696,0.0019155129286408184,0.0034215446498072383,-0.0007120058285009562,0.0022041424256897474,0.00038246447368744507,0.0021728839847963786,0.00041939619573989217
engert_20220221_visualmagnet,zebrafish 0.4 Hz (2022 Q1),"Gaussian, smooth spectrum x envelope",1337,0.024799704274229433,0.013134349988826996,0.014177882562307134,0.010021450034269519,0.009566195048864991,0.006998952273897856,0.008004648694451067,0.008728575577737286,0.003821354983492592,0.0071696023734811294,0.005632076908143095,0.002549670068384993,0.0031107729233784023,-0.00034490874966565345,-0.0001373869754749023,-0.0028264788163850914
engert_20220221_visualmagnet,zebrafish 0.4 Hz (2022 Q1),white x envelope,1337,0.013517258456066043,0.004098014120860731,0.0034271014310511493,0.001379099681002191,0.0001290449356559876,-0.0026564419814185396,-0.0006671019154855315,-0.005675690059440095,-0.001867015695251559,-0.00010597875254066212,-0.006103591571328791,-0.007814276565907378,-0.008722390155593052,-0.007725845557736639,-0.006508406271350134,-0.008376720723311417
engert_20220221_visualmagnet,zebrafish 0.4 Hz (2022 Q1),white,1337,-0.006524798399634571,-0.006632225588493661,-0.0073776086690497495,-0.005039295065477897,-0.007682307971326202,-0.005449289911462266,-0.00803025053453128,-0.00543646161046105,-0.007082900408898223,-0.008251373897850455,-0.008431970146568874,-0.004529462212768892,-0.008885229923092108,-0.008121017905531179,-0.005701082863002559,-0.00742409530144125
engert_20220223_magnet,zebrafish 0.4 Hz (2022 Q1),real,117,0.01958598295743964,0.007292118840425514,-0.0019490350290132321,0.008031246600155993,-0.0026842417121331528,-0.010430774302053521,-0.00841058376055938,-0.00906261501472146,0.007060057033276787,0.006312882034862069,-0.007677186138548976,-0.008093428477103507,-0.009021642426689737,-0.0037316299587235834,-0.008020093030922373,-0.007969715800775675
engert_20220223_magnet,zebrafish 0.4 Hz (2022 Q1),detrended,117,0.019950417185398844,0.006876677841849217,-0.0018431183254867816,0.007648886329266735,-0.0024637590768664705,-0.010750072442496622,-0.008358839671581974,-0.009156174992977365,0.006927344797663615,0.006309136106543104,-0.0075335853636510535,-0.007965547431872217,-0.008915697960308578,-0.0037764078653514544,-0.008123110974668057,-0.007912228234585109
engert_20220223_magnet,zebrafish 0.4 Hz (2022 Q1),detrended + envelope-normalised,117,-0.005049616477927441,-0.0004131644466161724,-0.013309592763107215,-0.0025240748133084656,-0.01060901036857078,-0.007903294390868927,-0.00604214811469402,-0.0114576319884771,-0.0006899439851645333,0.002349603863688714,-0.0036638668704274333,-0.010658651629101604,-0.011134286016794,-0.006347715782616998,-0.008430707061816206,-0.004532876459688807
engert_20220223_magnet,zebrafish 0.4 Hz (2022 Q1),"Gaussian, smooth spectrum",117,0.007338436568386247,0.00776526193518558,0.00439008724829637,0.005245851887640711,0.006047623746230493,-0.0007341241561249776,0.010398177677229056,-0.010776326391881709,-0.00041978074825585406,0.0018270268963607027,0.004713567423287223,0.0028565030158860323,-0.0007385044033057453,0.002174502944865646,0.007077000424234291,0.001883182885357668
engert_20220223_magnet,zebrafish 0.4 Hz (2022 Q1),"Gaussian, smooth spectrum x envelope",117,0.046974941506453205,0.025969256716276198,0.01116719702852524,0.022144132245572948,0.01690925254622572,0.003343512386387079,0.006047969521496184,0.004292038544652376,0.0009542808649664848,0.005735266893326281,-0.0014970890850177696,0.005826483985436256,-0.0006134521563522141,0.011228386802983792,-0.008605474291112853,0.001744810848111785
engert_20220223_magnet,zebrafish 0.4 Hz (2022 Q1),white x envelope,117,0.03168789033090733,0.012636610539028833,0.004042623492399225,0.0022892844108575953,0.008391527677722372,0.0017675369414961771,0.005082482417705675,-0.0020857090125778487,-0.009229284265068716,-0.006152694691412033,-0.004311625536588966,-0.0005168679589340031,-0.0032787511530276547,-0.0038904375585051567,-0.005235511824022467,-0.0083932397516011
engert_20220223_magnet,zebrafish 0.4 Hz (2022 Q1),white,117,-0.00386871067120894,-0.005620799620336581,0.0020704659619745313,-0.009273937969796586,-0.002382358190540893,-0.008177306549057675,-0.007350935498170893,-0.003498258230609916,-0.011295266425387822,-0.013345189924605648,-0.0071476729358345955,-0.009887451559134258,-0.007571228090173423,-0.009129859322438759,-0.003951856856239428,-0.007410602849747326
engert_20220223_visualmagnet,zebrafish 0.4 Hz (2022 Q1),real,117,0.03230626263672065,-0.0021240953064070485,0.002025241928600095,0.0017144362946657997,0.0010042418672503992,0.01180874168426776,0.008418785724011993,-0.002872096792088061,-0.0014712617423653046,0.001408508031000846,-0.014250298850709078,-0.00748251834478537,-0.0068599563100778665,-0.004915149124405158,0.0006056474970129174,0.00115502458214326
engert_20220223_visualmagnet,zebrafish 0.4 Hz (2022 Q1),detrended,117,0.03359679117652673,-0.0013735541705042248,0.0027869085994008335,0.0029514413302219994,0.0005663525113646772,0.012911203869672603,0.009129978038179788,-0.001817918743017494,-0.0018202583657772864,0.0013160690137131604,-0.014030460113859179,-0.00721035403549468,-0.00791914778592862,-0.005255311725365766,0.0007506230308375174,0.0013355151854833607
engert_20220223_visualmagnet,zebrafish 0.4 Hz (2022 Q1),detrended + envelope-normalised,117,0.006702996051154405,-0.010259768664996942,-0.003996020898392175,-0.00550297364363036,-0.012384059987413897,-0.011176461652938266,0.003019937396558588,-0.01541195757906155,-0.01190138391018836,-0.0025985303572435576,-0.010933871138642378,-0.009505295392333152,-0.012034763792602538,-0.006843928600202103,-0.005588404359413708,0.0007439367770224346
engert_20220223_visualmagnet,zebrafish 0.4 Hz (2022 Q1),"Gaussian, smooth spectrum",117,0.0056672623518101775,0.011523884293021236,0.003171387428668291,0.00474096332615425,0.013051911284962497,0.010043532526408749,0.0035081675768097328,-0.002012611958650452,0.0027212310452358348,0.006953557959517488,0.003972877991210621,-0.0019651955574391104,0.0006166511630240947,0.0010263848612804048,-0.006170503691470802,0.006126201770249094
engert_20220223_visualmagnet,zebrafish 0.4 Hz (2022 Q1),"Gaussian, smooth spectrum x envelope",117,0.0659138407830026,0.047585466506520735,0.024856487424779517,0.025488325375602295,0.025976832872753736,0.027549038737768452,0.01751701332677689,0.013829488544982988,0.0018885525765073724,0.007965093920499105,-0.003309939458651811,0.006364707937788876,-2.2877647701627715e-05,-0.005308629988029337,-0.0007059394110524893,-0.007921406267382771
engert_20220223_visualmagnet,zebrafish 0.4 Hz (2022 Q1),white x envelope,117,0.06154318235276926,0.0279260011522392,0.016659849708816562,0.009539313775411899,0.01448580596763388,0.021349114620994553,4.98624047390129e-06,0.00479155389752682,-0.004778786642169421,-0.005832113508776893,-0.008197070716801145,-0.009407877029687393,-0.004800901000439765,-0.004759609808048157,-0.004782834810445841,-0.014370705058167656
engert_20220223_visualmagnet,zebrafish 0.4 Hz (2022 Q1),white,117,-0.013275656897415328,-0.0066872178752114255,-0.012046118489790958,-0.0027565893309886426,-0.006120628286439567,-0.01158286397676614,-0.004198962881223186,0.003393572136700867,-0.005403426345993616,-0.0021248577035182428,-0.010106863577666457,-0.008958375959303799,-0.0056701279204835016,0.0050488618453769256,-0.003389197274108359,-0.01044680778452113
engert_20220301_visualmagnet_a,zebrafish 0.4 Hz (2022 Q1),real,1350,0.004363685447161789,-0.0010261215646193945,-0.0011746715402575557,-0.0023643155477028155,-0.0014103143001077288,-0.002308455973957255,-0.004614001124252649,-0.0018952577930783688,-0.0027023821567818507,-0.0013710445890490791,-0.0019475588056722991,0.001066959779990945,0.00022948666012274755,-0.0016711194154801299,-0.0016193318683939528,0.0011977618334689255
engert_20220301_visualmagnet_a,zebrafish 0.4 Hz (2022 Q1),detrended,1350,0.00432919375603177,-0.0009752899812313949,-0.001128981209469366,-0.0023361224705242506,-0.0013893818605086223,-0.0022935299229851773,-0.004625848981561738,-0.001897219904560726,-0.0027156219847156763,-0.0013568231174980305,-0.0019500397109359759,0.0011138143695517046,0.0002506532455850774,-0.001669569904788926,-0.0016302437574069505,0.0012135932303513506
engert_20220301_visualmagnet_a,zebrafish 0.4 Hz (2022 Q1),detrended + envelope-normalised,1350,-0.0008109137326725952,-0.0028750853500678526,-0.0021676960772835626,-0.003484167047711877,-0.0016586269105857553,-0.003150862440976747,-0.005647627692064402,-0.0028623982340326573,-0.0039753668431078346,-0.0025325996520316994,-0.0034142838524749103,-0.0015763367952282383,-0.0029008082338571046,-0.0032729315090867968,-0.004163133170249082,-0.0003139463298915367
engert_20220301_visualmagnet_a,zebrafish 0.4 Hz (2022 Q1),"Gaussian, smooth spectrum",1350,0.0023602110627350893,0.0016897854264041991,0.002334258892425588,0.0031747885779628694,0.0013850569145564577,0.0015146353722122734,0.0034928777533640193,0.0023360394095786117,0.0022188021277779785,0.0025439943941197806,0.00014165273331733278,0.001649623659634827,0.000800263615387512,0.0010388670773088717,0.002046846706596819,0.0010829379328009244
engert_20220301_visualmagnet_a,zebrafish 0.4 Hz (2022 Q1),"Gaussian, smooth spectrum x envelope",1350,0.011067271489036268,0.005375515452671203,0.005211037631519298,0.0031160751919490533,0.004847414444797215,0.003669288006156978,0.003115824577828057,0.004173041663589419,0.002762606054120748,0.004298302394900583,0.003820285946752258,0.007278020355692073,0.0059834334398897225,0.002484882204972765,0.0028262536962044005,0.003489155440280983
engert_20220301_visualmagnet_a,zebrafish 0.4 Hz (2022 Q1),white x envelope,1350,0.00798055103287464,0.004281674754125503,0.001780297444391164,-0.0003463312804938599,0.0002394850450129314,0.00026206585474622927,-0.0013166204646369937,-0.00029520678292160353,0.000364204828474744,0.00023097390760432585,0.0013577457068523178,0.0031453181419824447,0.0009312719093857365,-0.0008602103790288206,0.00143988728517352,0.0005561835490129656
engert_20220301_visualmagnet_a,zebrafish 0.4 Hz (2022 Q1),white,1350,-0.0016852853813434335,-0.002775772435937326,-0.0038132969995019646,-0.00404190932304952,-0.0026889813836150534,-0.0030575843787708887,-0.003478949339374499,-0.0026422719793182726,-0.003841261779555582,-0.0038410500035741565,-0.0035808248383233476,-0.0035538612990227507,-0.0034898504588531903,-0.0018387580508975397,-0.0030573129050260345,-0.002748812344443765
engert_20220301_visualmagnet_b,zebrafish 0.4 Hz (2022 Q1),real,1348,0.002526075869651783,0.0017607996882284865,0.0009291283485404115,-0.0034957152902029783,-0.0030984558477696695,-0.0006437457229643176,-0.0004109817471140971,-0.002214225301092402,-0.002043715746128436,-0.0031276742956175114,-0.00197573763823593,-0.00032704761539788127,-0.0017800999674261549,-0.003775343549858376,-0.0017872423284706963,-0.005635587046862999
engert_20220301_visualmagnet_b,zebrafish 0.4 Hz (2022 Q1),detrended,1348,0.0025412574159017045,0.001724111181413069,0.0008982417852750288,-0.003503581053400913,-0.0031013453957684928,-0.0006486656902747462,-0.00042502752336829447,-0.0022460606842779024,-0.002041808529734145,-0.0031303507484086953,-0.0019732942358148533,-0.0003380480989862898,-0.0017714636840724925,-0.0038263670409157645,-0.0017824184665006118,-0.0056234162168018005
engert_20220301_visualmagnet_b,zebrafish 0.4 Hz (2022 Q1),detrended + envelope-normalised,1348,-0.00019088371212799935,-0.000866615732422952,-0.000637057139067984,-0.004690075347838984,-0.004314477914021021,-0.002556362956711812,-0.0015614739319696634,-0.0030310873632643683,-0.003237090394478257,-0.004364749528725689,-0.0031118519329532217,-0.0035026731122510413,-0.004502420968261139,-0.005008470636536132,-0.0027958074909747643,-0.006832426441882841
engert_20220301_visualmagnet_b,zebrafish 0.4 Hz (2022 Q1),"Gaussian, smooth spectrum",1348,0.0008151010579495393,0.0010021377552111622,0.0011474551990017141,0.0012060882669641681,0.00011567208411717702,0.0024943979271753606,0.0014748764047980336,0.0016710969543690026,0.0014616876854489124,0.0021521753382510484,-0.00025407522318491937,0.0008712590962940088,0.0017866738651959625,0.002651209901848608,0.002400737814759707,0.0008134796127202208
engert_20220301_visualmagnet_b,zebrafish 0.4 Hz (2022 Q1),"Gaussian, smooth spectrum x envelope",1348,0.007134327052574107,0.004489726721959815,0.003598218543125108,0.0042829219419954065,0.004169917164120687,0.002935716246674667,0.0037432343200162707,0.003653794252560368,0.003057266728199333,0.0038419491728051355,0.0028380712839520396,0.005158608908601393,0.00410646423762529,0.0027999523779064193,0.0024295131831188143,0.001753966452129975
engert_20220301_visualmagnet_b,zebrafish 0.4 Hz (2022 Q1),white x envelope,1348,0.0031260005255811865,0.0017593387151937194,0.0022215229299589957,0.0006110006810447246,-0.00039763429062306723,-0.0016851189066111182,-0.0012118097052723053,-0.00010318180386943087,-0.0019130202382777347,-5.76819662926716e-05,-0.002297487230088424,0.003037580110966137,0.0010666232731200607,0.0007919975358443702,-0.0004187928432872702,-0.0012000121408869675
engert_20220301_visualmagnet_b,zebrafish 0.4 Hz (2022 Q1),white,1348,-0.0008293815467899983,-0.00280337972747468,-0.0022560916055936143,-0.0033659108578547353,-0.0039041812862943433,-0.001888014865858654,-0.0032911239644552817,-0.004521134917585503,-0.0021777156440849865,-0.0032559228323824625,-0.0018386900965596316,-0.003065461220095342,-0.0038213683600951103,-0.0022360370703117393,-0.002851253752045988,-0.0038079917218610073
engert_20220914_fish2_magneto_0,zebrafish 0.3 Hz,real,150,0.31859694504173364,0.24091579153259332,0.24915432350877903,0.19893173627534033,0.19222860763272664,0.1340553566262819,0.12044773592814668,0.07652606347028462,0.06131039739901508,0.1112120916765842,0.1013708112647543,0.0690668932960714,0.04573707741783277,0.02188627194193514,0.04049115504254207,0.02401786726448708
engert_20220914_fish2_magneto_0,zebrafish 0.3 Hz,detrended,150,0.31859088449158374,0.23993149310982215,0.2484657792361413,0.19797254063723277,0.1921433522760717,0.1340630916899419,0.12084423832434885,0.07661253516390534,0.0612428657102891,0.11127894848040337,0.10082516345806067,0.06902817191110217,0.04426573056498269,0.020794412686264554,0.039723841749073806,0.022249416551714207
engert_20220914_fish2_magneto_0,zebrafish 0.3 Hz,detrended + envelope-normalised,150,0.07447857837323969,0.06849307107713692,0.11259306943491038,0.002964839192145137,0.05469357878720983,0.03485127828384888,-0.030650285124983096,0.016667818553432905,-0.011253922010918963,-0.013347635384007926,0.0383412689002507,-0.00903080059209819,-0.025134774619861702,0.004513775000826703,-0.008315190003209275,-0.026068358317700185
engert_20220914_fish2_magneto_0,zebrafish 0.3 Hz,"Gaussian, smooth spectrum",150,0.02485770927314199,0.027796181695134852,0.015591137241365982,0.03737915765506084,0.02186157765504256,0.022604755718062256,0.02543667205743233,0.022877596119972355,0.022182738319220508,0.022042642106103655,0.021267751836672424,0.025330237187980376,0.013679008303900606,0.01079668151200143,0.013533722060347551,0.02293839019910726
engert_20220914_fish2_magneto_0,zebrafish 0.3 Hz,"Gaussian, smooth spectrum x envelope",150,0.4735604867129298,0.3882554330739421,0.36951196271529074,0.313832922186131,0.2685371983974512,0.23280076521753154,0.19854848272232317,0.1558096329848859,0.11620322496461166,0.09187197826759137,0.07233622937578231,0.0477702885922106,0.025974023789915604,0.008124785215293395,-0.0009147425912611895,-0.015060987244052998
engert_20220914_fish2_magneto_0,zebrafish 0.3 Hz,white x envelope,150,0.4439054884558747,0.37752660473532634,0.3598260170826175,0.2857215464411497,0.2438179501341331,0.2049700610850916,0.16637756448579932,0.13152973555447128,0.08960986532245972,0.06789379497025365,0.04885917125805045,0.013957137926148971,-0.011198546158512295,-0.023231025816020504,-0.03480458605497506,-0.039684574356346536
engert_20220914_fish2_magneto_0,zebrafish 0.3 Hz,white,150,-0.011369696411841384,-0.007919449481465899,-0.011145813670683997,-0.010438532900160176,-0.009801143785616856,-0.005526754476859355,-0.013457788752340707,-0.004092184055372397,-0.011655295213864094,-0.007415573986844789,-0.010419596004434734,-0.007636723538706797,-0.004198607223426448,-0.01436281877953132,-0.00934370395806166,-0.009887616265616246
engert_20220914_fish2_magneto_1,zebrafish 0.3 Hz,real,223,0.1971140696310078,0.07998533554129379,0.0532517859399506,0.10087526337667024,0.12740352564658108,0.06934181520875846,0.0720857005980676,0.053994943581658954,0.07183769121629667,0.06642934702164752,0.06332528921105064,0.05774397079735134,0.032401269097958985,0.03356460809881364,0.0013968259178703006,0.051786689137483057
engert_20220914_fish2_magneto_1,zebrafish 0.3 Hz,detrended,223,0.19698661658317532,0.07943132881370028,0.052785347776757814,0.10034734439450838,0.12695713951015983,0.06903012498027891,0.0720051735574928,0.05397458370683582,0.07216464918855374,0.06719235078336337,0.06353733606868485,0.05792989505634157,0.03241390187605596,0.03346170473450608,0.0013662065564221837,0.051725901383938525
engert_20220914_fish2_magneto_1,zebrafish 0.3 Hz,detrended + envelope-normalised,223,0.04560376273853399,-0.0003437589683620206,-0.020574225025836012,-0.016656883584001386,0.00552668881678864,-0.02956023374065238,-0.010421875252953143,-0.00952566874631393,-0.0070949417043148395,-0.019397265145026397,-0.02054819789399938,-0.01798308509347602,-0.019844990190068953,-0.005536777962958261,-0.02627988408924072,-0.0005324426250901715
engert_20220914_fish2_magneto_1,zebrafish 0.3 Hz,"Gaussian, smooth spectrum",223,0.034053562854768564,0.02727342555565084,0.029708469655199785,0.030268720988043046,0.03963692352226261,0.028129519030893058,0.02947552547114526,0.02930955683524882,0.02342607705482434,0.021206436197155912,0.025796628649325887,0.024261171556788596,0.0262375525763295,0.022055197361781437,0.015943668784384992,0.01825002342975378
engert_20220914_fish2_magneto_1,zebrafish 0.3 Hz,"Gaussian, smooth spectrum x envelope",223,0.3434316227110717,0.22238398683826807,0.2043616782303422,0.21792793478615433,0.21136099641533068,0.15126557241704777,0.1353210594275259,0.1070458712459021,0.08535489307752153,0.0679946852215108,0.04582085125963861,0.03191828616845213,0.01089495158455972,-0.0014447634007195955,-0.008043054225696185,-0.010281775259397637
engert_20220914_fish2_magneto_1,zebrafish 0.3 Hz,white x envelope,223,0.3235737019323632,0.2045884207800559,0.1802039122229344,0.18642483858079908,0.18605090734056692,0.12937270166614434,0.11646121460930355,0.09527583329499019,0.0634188496047667,0.05062941296829256,0.02459961535872446,0.005309897625341496,-0.017257609158739046,-0.024388752193047647,-0.03544825288187009,-0.04006154433638282
engert_20220914_fish2_magneto_1,zebrafish 0.3 Hz,white,223,-0.00815432592705995,-0.012664239365816546,-0.012765618800222157,-0.006682700554284431,-0.005582675274114112,-0.003772276010644613,-0.010233641845327728,-0.01047352067085483,-0.00025023192801421355,-0.01157631924218315,-0.00545772053567465,-0.007972769019696985,-0.007061008518751888,-0.0098109907232982,-0.014823017722524999,-0.01165008915650074
engert_20220914_fish2_magneto_2,zebrafish 0.3 Hz,real,240,0.27368496116340124,0.2632443343489844,0.1924789519884497,0.18239147433127872,0.15581206309142678,0.15499699292091348,0.12256751700815699,0.0936199047726382,0.09892403963122981,0.08064608034573756,0.09037795061929989,0.07727847787850003,0.06461663271366952,0.06267764569343107,0.061795409060964264,0.04774693377083352
engert_20220914_fish2_magneto_2,zebrafish 0.3 Hz,detrended,240,0.2744123234460665,0.26316770064461903,0.192222888773652,0.18190963884198713,0.15500767325242956,0.15419964470186825,0.12152228293512976,0.09255413049769484,0.09794790658837958,0.08006989202848917,0.09054528090475009,0.07774371193670247,0.06487602160468,0.0628709955541976,0.062374064558536425,0.04825876269280602
engert_20220914_fish2_magneto_2,zebrafish 0.3 Hz,detrended + envelope-normalised,240,0.09131338871328513,0.1098149873040676,0.03731223578158071,0.04989095174883847,0.010658760043385462,-0.01193297441649609,0.0002793822359917683,-0.03903346588373833,-0.02467088806554447,-0.04017354038804225,-0.005618743491463722,-0.007234969193747893,-0.015049256245452926,0.0074672835821283515,0.008836312504157276,0.02320126533634306
engert_20220914_fish2_magneto_2,zebrafish 0.3 Hz,"Gaussian, smooth spectrum",240,0.0324113253816456,0.037967948138230484,0.03916598544343792,0.03391919972151045,0.040848990177386496,0.03403396402717434,0.02756122066193355,0.03153275197293225,0.032970624249462906,0.037535694293439024,0.026439106855796795,0.018825399504094453,0.024765899485896182,0.025485366778787683,0.0204909548774657,0.022247706808563902
engert_20220914_fish2_magneto_2,zebrafish 0.3 Hz,"Gaussian, smooth spectrum x envelope",240,0.40919771995647825,0.3744666521290712,0.30980125911127776,0.28209871764581024,0.2339754179044784,0.21146683455018608,0.16763523381863518,0.1367754471545119,0.11284967228569147,0.08362067761057916,0.06166761443131729,0.04848070772918125,0.030114422973221196,0.011799955112550144,0.005363558325432863,-0.00880307415332266
engert_20220914_fish2_magneto_2,zebrafish 0.3 Hz,white x envelope,240,0.40179718524593894,0.36299887670262593,0.2982900028000731,0.26414608696730973,0.21499302913611026,0.20013543780740325,0.14990390328475545,0.1071582682839436,0.08540043592082358,0.05241627565635842,0.037920589813333634,0.012339632853233579,-0.007570775262893605,-0.02643758146542328,-0.03090587484009749,-0.04779814465618801
engert_20220914_fish2_magneto_2,zebrafish 0.3 Hz,white,240,-0.009959576834973468,-0.005188637247705776,-0.011497028688901414,-0.014693882799160132,-0.008572632317215436,-0.010212209867848036,-0.011427421777554228,-0.0035781114792073315,-0.012692599049276956,-0.0060289891746033554,-0.011252098041775788,-0.012330931883040089,-0.003291831151367546,-0.008883723053177488,-0.00606282459296947,-0.01316840152302728
engert_20220915_fish1_magneto_0,zebrafish 0.3 Hz,real,57,0.6590420472936765,0.47450909834260957,0.3113141509070688,0.24986751297424453,0.18435925063692585,0.14724510919793818,0.17874658273148797,0.08339775942668085,0.08487718956494607,0.07400176676347073,0.08691016431996866,0.05181529302865263,0.07758768195157371,0.11903175082647674,-0.0055853169256556675,-0.021671827311709357
engert_20220915_fish1_magneto_0,zebrafish 0.3 Hz,detrended,57,0.6584943692398907,0.4740554028393857,0.31102184871479716,0.24916405006347087,0.1840307153585557,0.14664534438588675,0.17845728287193155,0.08303259117442945,0.08451641879821394,0.073855133148419,0.0866092983496987,0.05182710887137849,0.07738769674975239,0.11912754159729198,-0.005220357675885128,-0.02170914177304937
engert_20220915_fish1_magneto_0,zebrafish 0.3 Hz,detrended + envelope-normalised,57,0.32075070733099187,0.14454205650295032,0.07164156751039223,0.01511422267859987,0.049091249967742515,0.0014508149950932655,0.07590880569494955,-0.022535776716748186,-0.05347410355404539,-0.07773214875513187,-0.03973011467751323,0.004440956266310201,-0.007047560098057006,0.06562028763043465,0.006542836102797835,-0.07519253301901177
engert_20220915_fish1_magneto_0,zebrafish 0.3 Hz,"Gaussian, smooth spectrum",57,0.04994420328500398,0.04467856729164995,0.042380558824379404,0.049280425048568756,0.03329259708418361,0.03973794450386635,0.04519111582638874,0.04133071057913865,0.03292436647400147,0.030332097404401587,0.026393724018359568,0.03641021395448447,0.033050702520938405,0.024286831915775863,0.016223273753063497,0.02115703778547658
engert_20220915_fish1_magneto_0,zebrafish 0.3 Hz,"Gaussian, smooth spectrum x envelope",57,0.7166907474277511,0.5463630726768468,0.3944915508489418,0.3216140337566265,0.26298887421993067,0.2195942023247083,0.19920034402851697,0.13887825413138347,0.11619825428865937,0.08618086102269999,0.07795535174602525,0.05666754103388553,0.03862710838210675,0.018124661856312625,-0.011463157582604954,-0.027955584200654932
engert_20220915_fish1_magneto_0,zebrafish 0.3 Hz,white x envelope,57,0.7096822748201009,0.5245171420529243,0.3683317717982624,0.293567480100655,0.22128730902108992,0.15770182979473293,0.1395269858590713,0.0865671535203405,0.06340893572464674,0.042907068599204894,0.026877758937545525,0.0015329333890372228,-0.0067148237094750126,-0.01541057075786797,-0.030107466908433116,-0.04648036157185984
engert_20220915_fish1_magneto_0,zebrafish 0.3 Hz,white,57,-0.012093858856095542,-0.0018763824682743121,-0.003950310839183959,0.0033719253442819515,-0.003902235768273083,-0.004589306764311096,0.001782564785490936,-0.016468511593211388,-0.014104592372689068,0.0001571074016254101,-0.019373954098269426,-0.02062250811574816,-0.007669381488539751,-0.008190910600635114,-0.008830176296808207,-0.0036981242084768765
engert_20220915_fish1_magneto_1,zebrafish 0.3 Hz,real,92,0.731918236115447,0.5891423969215219,0.44669635870067126,0.3291317559045677,0.27471922873793714,0.1662261853681911,0.13165069640642782,0.10848698116439617,0.057264645380286375,0.06708796731152686,0.017232974423510967,0.02265512896668687,0.048038649835672034,0.006700864258279883,0.03955437018830222,0.029257731882267976
engert_20220915_fish1_magneto_1,zebrafish 0.3 Hz,detrended,92,0.7323043296942259,0.5890567989496424,0.4465953687387872,0.32886823762120587,0.27420343626426397,0.16562653553545686,0.13103051618729325,0.1080295179491606,0.05711825208929763,0.06711024399225261,0.01743838868580454,0.02320832724154016,0.048610587256844744,0.007250564317340776,0.039993499313387824,0.029426809027316602
engert_20220915_fish1_magneto_1,zebrafish 0.3 Hz,detrended + envelope-normalised,92,0.3906099163341887,0.2745265428925445,0.15692746481034067,0.09600756150591498,0.05698632610771038,-0.015409363054352974,0.0001008962637377892,0.004326085348186974,-0.003018471235820444,-0.022049438859558238,0.004596718378659885,-0.03707802650942911,-0.008011296783901419,-0.05255818679322568,-0.023751664687225657,-0.048078816781930524
engert_20220915_fish1_magneto_1,zebrafish 0.3 Hz,"Gaussian, smooth spectrum",92,0.05150864356221422,0.050870423452614145,0.06583689161589394,0.05060642033820222,0.06320689477171633,0.047080019419437756,0.0582127961226353,0.06292781173187266,0.052362529902932664,0.04470384465737832,0.03882739599865626,0.03367281482068227,0.036006397568529955,0.028920185606713916,0.04154073984748513,0.03347198142601926
engert_20220915_fish1_magneto_1,zebrafish 0.3 Hz,"Gaussian, smooth spectrum x envelope",92,0.7856535418803764,0.6311449692423386,0.49212891197416114,0.3945617351797451,0.3110822869611347,0.22378957580632183,0.16556246510688433,0.1326833444869023,0.10012017357285934,0.08243907098479472,0.050221588625333914,0.02614488304812872,0.01586297595992712,0.0002318545017602515,-0.014300121168993657,-0.021525282753038295
engert_20220915_fish1_magneto_1,zebrafish 0.3 Hz,white x envelope,92,0.7778939772536364,0.6203724703544873,0.47078423265654107,0.3614973086696352,0.2786160978343763,0.19327976570605473,0.14720559014854795,0.10902352133002258,0.06796289619032192,0.04447633653404159,0.014418320341652116,-0.009252182662341115,-0.025558867380328452,-0.047140240773093554,-0.05581718160881407,-0.07131893971927283
engert_20220915_fish1_magneto_1,zebrafish 0.3 Hz,white,92,-0.004722273592036333,-0.0018125049055643324,-0.010228272154318327,-0.0048943948917446,-0.005397228275288653,-0.02129910760954569,-0.012937781672217206,-0.01858418022969972,-0.002493684826727499,-0.00894046807695535,-0.004371605325268525,-0.005968663463410281,-0.008719780909585776,-0.01160016970518915,-0.009451418103628602,-0.008037169874152914
engert_20220915_fish1_magneto_2,zebrafish 0.3 Hz,real,95,0.6697413157725034,0.493154671823405,0.39542678978035806,0.3357555215960701,0.2714840775502365,0.17772550359337824,0.1959114293267591,0.14915058927079522,0.151877251804962,0.0949659974247223,0.11382143390977421,0.12916884222116745,0.06453257586322131,0.08093925028150552,0.05756235771440028,0.052679139575088504
engert_20220915_fish1_magneto_2,zebrafish 0.3 Hz,detrended,95,0.669453154397229,0.4927957522144088,0.39515880452828483,0.3354169757653783,0.2714122218162994,0.17772452550016213,0.19585972751269579,0.1488549741298476,0.15174764599798632,0.09491059171410651,0.11349968483206692,0.12898334506471862,0.0645994076143404,0.08105926479962842,0.057530811965177654,0.05257666216077129
engert_20220915_fish1_magneto_2,zebrafish 0.3 Hz,detrended + envelope-normalised,95,0.31261558655944954,0.18306060067599617,0.14969349107134278,0.09731230732377716,0.07153537736507302,0.03982077414780252,0.040588315715238805,0.04169523029670231,0.02100451647399253,-0.07573250447011189,-0.03245078345569841,-0.007252378729758476,-0.03799286072651737,0.009643319260211227,0.008804795877390454,-0.018154026026625397
engert_20220915_fish1_magneto_2,zebrafish 0.3 Hz,"Gaussian, smooth spectrum",95,0.04827367606115418,0.06088485970234189,0.055333229686251484,0.0615790742304053,0.05593167962354765,0.048740342438242136,0.06130224858847127,0.053443367281711014,0.05160245600695338,0.05538329653290503,0.04831813341895016,0.04554024151452913,0.05156008069066833,0.03943622915532493,0.03188078046899451,0.03604877633753873
engert_20220915_fish1_magneto_2,zebrafish 0.3 Hz,"Gaussian, smooth spectrum x envelope",95,0.7279974240650723,0.5726387297543619,0.47061910012720415,0.39414867838381523,0.3119958285102543,0.23383815164376817,0.2133272685223483,0.16233385846470827,0.1251298029216426,0.08778948319255803,0.06293558969065478,0.048403754220920664,0.013219504628131947,-0.0013269194665375811,-0.010809445530736468,-0.028643968024556002
engert_20220915_fish1_magneto_2,zebrafish 0.3 Hz,white x envelope,95,0.7186725427637306,0.5546394779898375,0.4473464553044992,0.3657907486685333,0.2876106694529151,0.21180582838839376,0.176339454792804,0.11796850497575968,0.08698816272553216,0.04376022340833346,0.02574442539351852,0.004036566849883078,-0.01443099788463508,-0.031548815385300535,-0.049723146107536136,-0.06256781869287036
engert_20220915_fish1_magneto_2,zebrafish 0.3 Hz,white,95,-0.0035224574895988355,-0.00814000001825406,-0.010710345072941769,-0.004310927871977827,-0.007472977944698901,-0.013516604888153538,-0.006958155732930948,0.0037935239657575343,-0.00726308850378539,-0.006632519665743116,-6.265381285994187e-05,-0.006417655704950534,-0.010590753396726882,-0.008315001841419182,-0.008386072577036238,-0.006790824059828356
engert_20221001_fish1_magneto_0,zebrafish 0.1 Hz,real,378,0.39064463782888587,0.24190525683664751,0.14541969357639148,0.05748203236156274,0.07764846790799326,0.049349029994549924,0.029819736808668958,0.02584769498171261,-0.029126784661089644,0.007153059408671583,-0.012000286324665243,-0.010915402818009864,-0.04250965821000892,-0.0569757414531832,-0.054475136332272994,-0.05240613931497806
engert_20221001_fish1_magneto_0,zebrafish 0.1 Hz,detrended,378,0.3895422551614644,0.24021904359352866,0.14367963351261906,0.05543935905679155,0.07566659468044212,0.04656847202599243,0.026980992515603548,0.02297401313636332,-0.031147737726549392,0.0058707895907135306,-0.012943893197810452,-0.010820912806784773,-0.04123267958172697,-0.05516352698839381,-0.0524752865963468,-0.04963358554940624
engert_20221001_fish1_magneto_0,zebrafish 0.1 Hz,detrended + envelope-normalised,378,0.12173486004779487,0.039263580889346554,0.042429114946432964,-0.01024905106317185,0.001605971790400434,-0.005783016769518646,-0.010373340610207657,-0.008896190686915575,-0.023427678150791508,-0.010767137645203453,-0.023876781333599904,0.00063488897972072,-0.01882840613932883,-0.026819389655660834,-0.01960951135462572,-0.02409604084860851
engert_20221001_fish1_magneto_0,zebrafish 0.1 Hz,"Gaussian, smooth spectrum",378,0.03567066268600549,0.032131035450007436,0.02342266716734967,0.02583583235070074,0.024725328695631373,0.021362432715920848,0.017254878816002264,0.015870154523752678,0.010199668438933019,0.005861887728573105,0.010912209162769209,0.008156935885509578,-0.0011613445870560732,-0.002128540076490557,-0.01230545341286233,-0.012562666223083814
engert_20221001_fish1_magneto_0,zebrafish 0.1 Hz,"Gaussian, smooth spectrum x envelope",378,0.4968761482979276,0.34978722854544747,0.2580231950271122,0.17256540680764754,0.16416894328867893,0.11439505981805441,0.07813741237473672,0.0435485788751806,0.006858490265662635,0.003893536815382799,-0.019766812119614976,-0.03743519848244705,-0.0506750385704467,-0.06339550713551483,-0.06493551171504507,-0.06852395104807063
engert_20221001_fish1_magneto_0,zebrafish 0.1 Hz,white x envelope,378,0.49368918618066965,0.3411785308827886,0.24265527302440892,0.15639346117033817,0.1348281626059396,0.08743368894883445,0.05865809053159323,0.028920829734471975,0.0007656964969180325,-0.01915648321277794,-0.03735103264734781,-0.053974780552139646,-0.06832683669758415,-0.07077848542032832,-0.07477573248516951,-0.06975244510129479
engert_20221001_fish1_magneto_0,zebrafish 0.1 Hz,white,378,-0.016404782791273307,-0.015603673909979007,-0.019226737907046477,-0.017998150984407456,-0.01688791271202375,-0.020445863631283465,-0.01603422855331258,-0.01702948445850544,-0.014740743557365071,-0.014056657196203576,-0.010850068304622087,-0.01505405335229666,-0.014896006470816755,-0.017326548747276457,-0.019799515820973976,-0.010529089957076085
engert_20221001_fish1_magneto_1,zebrafish 0.1 Hz,real,424,0.4071909639220304,0.23478887423898645,0.1534641153252528,0.09078287145593208,0.052627420811345874,0.014734883734501499,0.012440477303121285,-0.0020759125689207582,-0.009673429079031985,-0.03330264070010115,-0.01804937146059791,-0.035350609234538456,-0.021299928333225682,-0.013899977126137525,-0.0008465709744773618,0.00599919945201158
engert_20221001_fish1_magneto_1,zebrafish 0.1 Hz,detrended,424,0.40879222291234,0.23576640472698718,0.1541084133195081,0.0910859381585963,0.053570521337791756,0.01586087593121739,0.013139403759154646,-0.0025541670812154415,-0.011721752666303268,-0.03520331950911099,-0.020104517152230623,-0.03634277699089962,-0.02240982127487822,-0.01625513259014418,-0.003881048196310592,0.002597488629890937
engert_20221001_fish1_magneto_1,zebrafish 0.1 Hz,detrended + envelope-normalised,424,0.09239385695342352,0.014878572532086872,0.0015448930494600757,-0.022930817879991905,-0.02649195112469697,-0.04786860485617215,-0.032423049583301014,-0.02177921335409831,-0.026400729080957905,-0.03524363088135753,-0.022579421831136964,-0.034976884153145336,-0.029290337238980637,-0.012385841440086635,-0.0184297210688124,-0.02728781226721515
engert_20221001_fish1_magneto_1,zebrafish 0.1 Hz,"Gaussian, smooth spectrum",424,0.038104463264622655,0.039909414569276436,0.035221123326782566,0.031119126407529493,0.02986913209854852,0.02866200057860499,0.01567805441232496,0.02733835415835494,0.02552052017862837,0.020039801752479543,0.012673826777109447,0.010107562429255276,0.01131557339476845,0.006147261524515644,0.008142461896045509,-0.004014150738212513
engert_20221001_fish1_magneto_1,zebrafish 0.1 Hz,"Gaussian, smooth spectrum x envelope",424,0.48807767255419887,0.32557311482877216,0.23952481408184634,0.18071886371576396,0.13088155463022808,0.0966270728223891,0.06878392685357824,0.041500431867276866,0.015355345086417638,-0.003514874309869224,-0.01849448665339014,-0.030323288725629723,-0.040570623795016046,-0.04549770755645482,-0.05017320511889981,-0.05533085113299744
engert_20221001_fish1_magneto_1,zebrafish 0.1 Hz,white x envelope,424,0.47907700856278107,0.29855531002148716,0.21357962915997944,0.15040229260185534,0.10407807586683349,0.06484909368533363,0.03903050828568083,0.009281454099747706,-0.016273272448114145,-0.028103711879571086,-0.038038872993629395,-0.055150085323604305,-0.058476112205827276,-0.06925097906050585,-0.07383410094897237,-0.0710272916795038
engert_20221001_fish1_magneto_1,zebrafish 0.1 Hz,white,424,-0.015042151637988587,-0.01579064388946574,-0.014449170754320917,-0.017153891671799096,-0.01229275997915605,-0.013612866168979344,-0.01071541714226403,-0.01367258746087409,-0.018226352874419403,-0.011721827100151738,-0.0170257153235923,-0.011349420432087148,-0.01158962293868153,-0.015509073296845146,-0.021362335713158376,-0.008683261466279622
engert_20221001_fish1_magneto_2,zebrafish 0.1 Hz,real,418,0.4095925550596387,0.2680200914789928,0.19920419432081218,0.15810787724324582,0.11728678190583676,0.07284034956152632,0.054969620225377415,0.039318585022463756,0.03760226659047904,0.014520815127963766,0.03056125786719931,0.0031814018905839945,0.02337518638015443,0.01793993807961042,-0.00997931126379572,-0.010903946550854922
engert_20221001_fish1_magneto_2,zebrafish 0.1 Hz,detrended,418,0.40754390565993237,0.26468029671734733,0.19601277508092382,0.1579360598461836,0.1174975113805657,0.0745433231837327,0.055178242603555694,0.042489508912614715,0.03989660787995211,0.017086618780628268,0.034919906804778966,0.006414996947930289,0.027066729796990187,0.019602910360729562,-0.008074241312942359,-0.009330836610095683
engert_20221001_fish1_magneto_2,zebrafish 0.1 Hz,detrended + envelope-normalised,418,0.08423507249079372,0.025657541128963995,0.016046112867593543,-0.0018847859405218455,-0.012122381293813296,-0.025143283463598065,-0.029028216057403324,-0.020873646255502806,-0.03357205693050133,-0.040702869070141805,-0.026090122077497908,-0.03403384739494922,-0.02179972346047435,-0.008464848299246557,-0.010977684117617991,0.0025568460196733604
engert_20221001_fish1_magneto_2,zebrafish 0.1 Hz,"Gaussian, smooth spectrum",418,0.05159823650084605,0.04851066915483181,0.04902190300907514,0.0454339088775709,0.03994736522341821,0.04204825526193887,0.035515168351825915,0.027459068191486122,0.02808652267684522,0.028718982017597715,0.02048433149972465,0.015368575456634394,0.012569061892168587,0.00857775264047221,0.004109876445184034,0.008019822180656841
engert_20221001_fish1_magneto_2,zebrafish 0.1 Hz,"Gaussian, smooth spectrum x envelope",418,0.4920601618342926,0.34766939571890276,0.28089686254832696,0.22039102901065447,0.17736460415166375,0.1310746179965245,0.09200791043375217,0.06382547983828714,0.040986857164451995,0.008826918822303713,-0.004741400190747426,-0.025456151874962325,-0.037445278572026744,-0.047822547947144196,-0.054743508705747006,-0.05908510825967902
engert_20221001_fish1_magneto_2,zebrafish 0.1 Hz,white x envelope,418,0.4800112206629996,0.33027453864443873,0.257985906091444,0.2027552545728866,0.1445983195390094,0.09685707819148522,0.06158319610137902,0.03247584235325185,0.010038679904026536,-0.018755463630946195,-0.03533304630308157,-0.0540689841578,-0.06275958596546487,-0.07457104709240446,-0.08717513601717812,-0.08179526867489784
engert_20221001_fish1_magneto_2,zebrafish 0.1 Hz,white,418,-0.01381831557355726,-0.01754481129838369,-0.00687105753885713,-0.020595098922920028,-0.014065717702120215,-0.015339472434676746,-0.020340051151931205,-0.014892658311608247,-0.016330251219274932,-0.01566513577953174,-0.010702381636779416,-0.01617822158267439,-0.012906226158315224,-0.016477523427532764,-0.014323471027927049,-0.023906456907706805
engert_20221001_fish2_magneto_0,zebrafish 0.1 Hz,real,250,0.346939432674913,0.16238203918564795,0.06359467869959341,0.04901966079009252,0.04725248103085844,0.04285690260484943,0.016962504262284763,0.01388609821736938,-0.007870266413764494,-0.008282718745444237,-0.04647553641975033,-0.02305026729944973,-0.005985191557872921,-0.018048796517732075,-0.050294631020829816,-0.0401383523570985
engert_20221001_fish2_magneto_0,zebrafish 0.1 Hz,detrended,250,0.34687249505122814,0.1618257349865571,0.06355805942426067,0.04835784736198076,0.04665431733587131,0.041131363992832196,0.015488478351983182,0.012995295303331723,-0.008997218739188028,-0.01033175432310788,-0.04754121021820635,-0.024529488678236497,-0.005786627302578218,-0.018251435142740545,-0.05149073698750021,-0.04174358062975639
engert_20221001_fish2_magneto_0,zebrafish 0.1 Hz,detrended + envelope-normalised,250,0.10672813298006034,0.016317274703429533,-0.0019467877208843181,-0.009382263684399025,-0.007647175663681794,-0.01841867854482731,-0.01424206063401394,-0.02109683930467126,-0.028347746288624052,-0.0235905514382199,-0.053455128413439454,-0.02047999332728054,-0.00681062736863298,-0.011569543320160209,-0.01934693076181456,-0.005979937567979337
engert_20221001_fish2_magneto_0,zebrafish 0.1 Hz,"Gaussian, smooth spectrum",250,0.03516186756095132,0.027688438026486725,0.029622376062668935,0.02820078296757487,0.022116658832883097,0.022155915591829348,0.019300218518395338,0.019787281311299556,0.017763687786394814,0.010319040757012466,0.0017162952377679428,-0.001777033449555384,-0.0014180868907062237,-0.010959119327897912,-0.0045601472312410156,-0.006771738576835578
engert_20221001_fish2_magneto_0,zebrafish 0.1 Hz,"Gaussian, smooth spectrum x envelope",250,0.4344210941981252,0.26872877226438413,0.19154730566626718,0.14806362320808383,0.12620933677062476,0.10227502830812735,0.07763373925843008,0.06186416954654025,0.032700175731989765,0.01746340341475767,-0.0073449571161556355,-0.031819007713843585,-0.045415459216151956,-0.0468249285594226,-0.062058602185866805,-0.058009112831353425
engert_20221001_fish2_magneto_0,zebrafish 0.1 Hz,white x envelope,250,0.4235134671207454,0.23511633539202745,0.15549577290556357,0.11303480342187677,0.08640667933957558,0.07165188405674293,0.04835514706128737,0.01287035469376753,-0.007032561692529149,-0.02880279831713953,-0.04719524371197139,-0.04698337727935936,-0.05898023097751861,-0.06259599152781976,-0.06568740732804079,-0.06255905972884616
engert_20221001_fish2_magneto_0,zebrafish 0.1 Hz,white,250,-0.01622622800535836,-0.01613096584421846,-0.009469120872105904,-0.013932375058440652,-0.017088374693488673,-0.01306161022283732,-0.019601494403283445,-0.019785456332714616,-0.01927952284702313,-0.019592182373168492,-0.007348927102633576,-0.015441202503912921,-0.01555703374895019,-0.019290591946454754,-0.022729530163775036,-0.021787568517509976
engert_20221001_fish2_magneto_1,zebrafish 0.1 Hz,real,275,0.31832950838413554,0.11558906308384083,0.03214477306051278,0.03062929272049147,0.018616317339788833,0.0014772208443533598,0.004114970638284317,-0.009756947510923984,0.0025659258032811713,-0.020414337555540868,-0.026402426796073224,-0.039336050759274946,-0.03409348183463907,-0.043283403068734475,-0.029312658640494815,-0.012945188160307325
engert_20221001_fish2_magneto_1,zebrafish 0.1 Hz,detrended,275,0.3157785339658399,0.11379345845352172,0.02855153734979349,0.027625084504834113,0.016807718258889083,0.00014753338873724854,0.003016848005037004,-0.009673120195101378,0.004010563170571194,-0.01754777906591977,-0.022989553957153016,-0.03432390324488671,-0.02938717473659139,-0.03912688873822891,-0.025469603844374068,-0.008819786159543656
engert_20221001_fish2_magneto_1,zebrafish 0.1 Hz,detrended + envelope-normalised,275,0.07408384374398054,-0.010824147439016427,-0.04269208004880979,-0.013100555797906954,-0.031262291031821446,-0.049749268353094046,-0.05138754789517825,-0.03626615177119939,-0.02460552368723895,-0.026081718949601502,-0.04049386462446997,-0.04117821862738034,-0.01951628049821624,-0.02098198444177117,-0.033895732454750686,-0.0072126666666231356
engert_20221001_fish2_magneto_1,zebrafish 0.1 Hz,"Gaussian, smooth spectrum",275,0.02944511596326076,0.031009631761013182,0.023019368641878268,0.019824438409982176,0.021182681349805225,0.024354080263231714,0.0177299042223152,0.01662783160421766,0.01640975582028451,0.0036550904835103586,0.011719962971591412,-0.0046175724532540804,0.005295292338864013,0.0021378225645106337,-0.005302959665850222,-0.004618590917530955
engert_20221001_fish2_magneto_1,zebrafish 0.1 Hz,"Gaussian, smooth spectrum x envelope",275,0.40996107363865253,0.23108825447652523,0.15080468812654665,0.12504752535525795,0.09615615808935703,0.08118175962097297,0.06237341724182768,0.032691407255795855,0.022668269716450955,0.010310813418123293,-0.009449069292719277,-0.023695945719477068,-0.02662025267423292,-0.0332214945531857,-0.046240293438759766,-0.04991055163759154
engert_20221001_fish2_magneto_1,zebrafish 0.1 Hz,white x envelope,275,0.38751438833674445,0.20885029193800006,0.11959278319395417,0.10027665019961267,0.071493527181926,0.04999794939591709,0.03909232352530161,0.015115542143963073,0.0033982073120639496,-0.01706063743378197,-0.037684246200675266,-0.045717650827181426,-0.050476766893883813,-0.06053116438221926,-0.06011202135669491,-0.0709593328940835
engert_20221001_fish2_magneto_1,zebrafish 0.1 Hz,white,275,-0.016972751242231455,-0.01103201190337419,-0.011104217655258574,-0.012602068028825809,-0.012406061883275138,-0.017675603283307927,-0.00755441506121889,-0.020601144137445317,-0.011339897756394705,-0.0168670040516107,-0.01200334808709185,-0.013144579345288648,-0.019226444541235642,-0.017619457263058632,-0.014268990263102835,-0.011532632214771235
engert_20221001_fish2_magneto_2,zebrafish 0.1 Hz,real,259,0.3154928945847584,0.1161784091299511,0.07536192856165036,0.01127144690429196,-0.01343576912481799,0.00019863719085173536,-0.03862662938374492,-0.029220507766001977,-0.0053185424614669964,-0.03158999177404122,-0.04194024525295504,-0.013904888957553796,-0.04854129399006465,-0.04533150899974972,-0.012407958811949832,-0.02825470297436172
engert_20221001_fish2_magneto_2,zebrafish 0.1 Hz,detrended,259,0.3155449563803081,0.1172496942652163,0.07537110691832952,0.011983967909453339,-0.014545817741803543,0.0001580558631473207,-0.03838529904098748,-0.029637693791680124,-0.005969003564389286,-0.03093830267668408,-0.039326327456638346,-0.013071330827176762,-0.05017605816775051,-0.04745738667384174,-0.012216448061703505,-0.028790246614622903
engert_20221001_fish2_magneto_2,zebrafish 0.1 Hz,detrended + envelope-normalised,259,0.07598337760759084,-0.0027993260445058213,-0.014432326216596146,-0.016665334934965477,-0.034212725085988785,-0.019991582861619204,-0.03791923246381008,-0.017568976692598232,-0.02034737028163296,-0.03360782209361002,-0.02224378485098118,0.004263747573076209,-0.01677484062443892,-0.01668227663966068,-0.0055464155168955314,-0.008221126298072496
engert_20221001_fish2_magneto_2,zebrafish 0.1 Hz,"Gaussian, smooth spectrum",259,0.011529009082831845,0.020489279562873403,0.025419770736513886,0.02175620907760775,0.014334574469114727,0.012143114327874141,0.013438056367482512,0.006255230450236705,0.009661568195056995,0.0034875524199839726,0.0006872106903825498,0.003321510778735952,0.007333498041853281,-0.008183803890274078,-0.004542584365750046,-0.01781023369225074
engert_20221001_fish2_magneto_2,zebrafish 0.1 Hz,"Gaussian, smooth spectrum x envelope",259,0.39353630317022326,0.21532633493081557,0.16406327854527078,0.11347749865859878,0.08245431685871629,0.07439349404140393,0.04709058863845508,0.03943793815727775,0.025944900586251818,0.009020857007900767,-0.012913092790725963,-0.014490763577780777,-0.035201083563744816,-0.046757445616603804,-0.0454475200989796,-0.05052937065287094
engert_20221001_fish2_magneto_2,zebrafish 0.1 Hz,white x envelope,259,0.3669288914758109,0.1867935640625323,0.14128217162955034,0.09539882387622205,0.07273613003374128,0.055784688240942314,0.025138103172760346,0.016037224760544574,0.0007106289705664359,-0.010628156403604302,-0.025580102484275682,-0.02591370858195644,-0.024868175627477895,-0.044013867094352684,-0.04477692584668421,-0.04390425472556414
engert_20221001_fish2_magneto_2,zebrafish 0.1 Hz,white,259,-0.017253992132163384,-0.022856045483802403,-0.01651391851933313,-0.019631917107361233,-0.01967517716810488,-0.013426543594248115,-0.00920949881875,-0.016351234176438537,-0.010359995320710946,-0.007730423433973556,-0.021703237880473514,-0.008822721653886385,-0.010762237770620924,-0.00949919482213245,-0.01284589611241733,-0.0048900701739250955
engert_20221002_fish1_magneto_1,zebrafish 0.1 Hz,real,382,0.06432334015361421,0.0492944098930673,0.03144095688716463,0.005993289043895879,0.010089307973862597,0.004051636910612616,-0.009239863859076262,0.004722689388085407,-0.006272598292016134,-0.006483918265451923,0.006460562598734281,-0.0061014013109482795,0.0004322058138429066,-0.023695443965177778,-0.013141582015033461,-0.023864775620105062
engert_20221002_fish1_magneto_1,zebrafish 0.1 Hz,detrended,382,0.06353587573002166,0.04734968104698965,0.03000364303506809,0.005966364505396121,0.009063340482739123,0.005126836618837202,-0.008752944539672765,0.0043445335863143775,-0.005726938335149089,-0.007461081053656414,0.006573916109515525,-0.005772175510392905,-0.00024531815202698124,-0.022908175352337815,-0.013485445142245422,-0.024836806784484827
engert_20221002_fish1_magneto_1,zebrafish 0.1 Hz,detrended + envelope-normalised,382,-0.00853390181125539,-0.009664733764144139,-0.017017185560586946,-0.012798053624071371,-0.022043212296598374,-0.02125559785541062,-0.019888772203431646,-0.026050848931823665,-0.01814973783516656,-0.01643641196714495,-0.0021105263884695943,-0.009604114698034336,-0.005229904140805035,-0.024335386233679392,-0.013582161798060106,-0.019201177872903406
engert_20221002_fish1_magneto_1,zebrafish 0.1 Hz,"Gaussian, smooth spectrum",382,0.015127179981206112,0.019544843704601713,0.009928572722150694,0.0096127188398583,0.013104707048476777,0.016423659742023086,0.011418083923689584,0.009691993957511838,0.0041401777679083195,-0.0010057846661884534,0.0007959273267357986,0.0015585530992634539,0.0019826510204698487,0.002088332887734593,-0.00469581233428525,-0.003446856183357007
engert_20221002_fish1_magneto_1,zebrafish 0.1 Hz,"Gaussian, smooth spectrum x envelope",382,0.09708751684013217,0.08954220415041236,0.07271702539483527,0.03614635973907259,0.04729174747969439,0.03834903881740779,0.017549930103096273,0.02217583801914133,0.0012874857053396295,0.002875444972851351,0.00380622553762418,-0.0016378455134448539,-0.001321589248162603,-0.010872112395631265,-0.007128377328140023,-0.01403199783153881
engert_20221002_fish1_magneto_1,zebrafish 0.1 Hz,white x envelope,382,0.07044149907359758,0.06198626664613425,0.047381357484233666,0.015049505012545065,0.027204449765820843,0.014301686920238437,0.003014708306083532,0.007241601811513441,-0.009798911507341366,-0.007226257235247571,-0.00870920876687202,-0.018787979224557872,-0.018979090313392476,-0.019995833626498236,-0.01752875766504857,-0.01984056403294754
engert_20221002_fish1_magneto_1,zebrafish 0.1 Hz,white,382,-0.012181440458411083,-0.01412756710119082,-0.017036852063300915,-0.014020792127583942,-0.01709237516907539,-0.010533303797650448,-0.010836236601907056,-0.007711117073614677,-0.012225767104938381,-0.003640678795967137,-0.01136513380833618,-0.00963723304345127,-0.013321384609541131,-0.011563167023738205,-0.007413313826104394,-0.022988358426126967
engert_20221002_fish2_magneto_0,zebrafish 0.1 Hz,real,345,0.09641957529699427,0.03322825962088106,0.024805150735741424,0.03641945747843979,-0.011636027225322046,0.028014429071028652,0.037757863210814493,0.005367242988981827,-0.03929979296051572,-0.01894994837990712,0.022959882270117006,-0.0021723351063695157,-0.015864333970758586,-0.02939961190938465,-0.012458046100942543,-0.02918829352548295
engert_20221002_fish2_magneto_0,zebrafish 0.1 Hz,detrended,345,0.0965346311835327,0.03320626068976816,0.025032294777829964,0.035594180295516246,-0.010741583983146587,0.02874658063624799,0.03691871894463719,0.0055530802837756325,-0.038548852842115455,-0.018575922303389333,0.02415587173347195,-0.00030206068672298505,-0.015177534547309302,-0.028742297612959773,-0.011908869016223232,-0.02859189120464692
engert_20221002_fish2_magneto_0,zebrafish 0.1 Hz,detrended + envelope-normalised,345,-0.011449091526605115,-0.025430792219238173,-0.016861663621917485,-0.02029970691884619,-0.04138250409895709,-0.02896357865890957,-0.008538082615610636,-0.024827458528930948,-0.04093839614277869,-0.029977156404208397,-0.008519747646483826,-0.021689051167258652,-0.0237458349533398,-0.04212083604494139,-0.0036909199279148786,-0.02135310823760214
engert_20221002_fish2_magneto_0,zebrafish 0.1 Hz,"Gaussian, smooth spectrum",345,0.014925570982416952,0.006502965180371769,0.012402021040727776,0.009389349725876113,0.0035528023943160445,0.0045748333882880176,0.008696700023288343,0.006326027552622432,-0.00015610653245173278,-0.0020289300114626724,0.002576146341899877,-0.0029616295858902425,-0.0037994749334665408,-0.007379884310614586,-0.007195694772914374,-0.005630980566126899
engert_20221002_fish2_magneto_0,zebrafish 0.1 Hz,"Gaussian, smooth spectrum x envelope",345,0.2503314218365983,0.191922250980479,0.16584544561458578,0.1512127018236612,0.10996342046480222,0.0975727027239827,0.07239342775986081,0.049084672047202065,0.024558947662769684,0.001315720955911818,-0.008226449482753062,-0.022209433946424065,-0.035050701778731416,-0.050530282058337976,-0.05159939505349143,-0.05593834692516788
engert_20221002_fish2_magneto_0,zebrafish 0.1 Hz,white x envelope,345,0.23568354184414853,0.179947680270467,0.15641035645686455,0.14371245317410083,0.09625783927913824,0.08682615180669374,0.06305213156918106,0.03370932463613185,0.001991840504253423,-0.008707367755205666,-0.013199498330573855,-0.039458125237963985,-0.052949610151393454,-0.05723248676712395,-0.055816820294938285,-0.06313818778574272
engert_20221002_fish2_magneto_0,zebrafish 0.1 Hz,white,345,-0.014765849077475158,-0.017565055131196494,-0.014552563650432162,-0.006508909417617048,-0.016630243224257994,-0.018272103670435514,-0.013147437838093462,-0.01230022741597399,-0.011792261591824572,-0.0169588869337155,-0.01285844363000412,-0.010543478427411912,-0.01721049840226821,-0.011030790311949548,-0.010814289207117009,-0.01731588169494899
engert_20221002_fish2_magneto_1,zebrafish 0.1 Hz,real,404,0.106367874360344,0.03868957704443873,0.018943616054011493,0.020173063591442005,0.005076663561244452,0.035144531056174745,-0.003817358263262606,-0.010035418364265513,-0.022269883083072376,-0.02218046094513571,-0.00789614698800448,-0.0048073107402867,-0.020962670277006053,-0.008032250153344035,-0.018270061714323844,-0.012659893085283274
engert_20221002_fish2_magneto_1,zebrafish 0.1 Hz,detrended,404,0.10786849387452827,0.03906711389883311,0.018604866178405385,0.020145327760053258,0.005145648481715047,0.03508321779098685,-0.004013191405494294,-0.01026326457873173,-0.022196210189776723,-0.022296843396160636,-0.009229100734124852,-0.00661206719577383,-0.02178548553579448,-0.007336234952509393,-0.017962859436166368,-0.011881754450789865
engert_20221002_fish2_magneto_1,zebrafish 0.1 Hz,detrended + envelope-normalised,404,-0.016351802889575877,-0.03621021764611164,-0.02652086379322634,-0.013660848079402644,-0.025082766490232642,-0.015191242431972294,-0.0309639675409507,-0.02283717811713815,-0.03748043149651825,-0.03774629531054194,-0.03011498422203817,-0.01973383642036251,-0.03838967521992627,-0.010766734287660333,-0.026966725288687397,-0.024349962887530482
engert_20221002_fish2_magneto_1,zebrafish 0.1 Hz,"Gaussian, smooth spectrum",404,0.019457268549248397,0.01864719828338594,0.01678987402991793,0.017102963035631868,0.014691741504662412,0.004078236565993166,0.010237877224178309,0.00959072354791294,0.0054571832891975106,0.006118183897499663,-0.0018220977369279292,0.006590444830087613,0.00026947779706042695,-0.0013698270628983373,-0.006520686318323715,0.0021588861473724684
engert_20221002_fish2_magneto_1,zebrafish 0.1 Hz,"Gaussian, smooth spectrum x envelope",404,0.20465812311045875,0.1435242142235118,0.11905450511727626,0.10532072430759304,0.08055394570472596,0.07177734421764025,0.047977783344846696,0.0308643839771033,0.017112272685038458,0.005969215730502491,-0.00632455629584762,-0.014299844632480846,-0.026234778099618442,-0.026147299273588425,-0.03832090694120403,-0.04210822322393951
engert_20221002_fish2_magneto_1,zebrafish 0.1 Hz,white x envelope,404,0.18386286016064068,0.1165660382732062,0.09502486785990667,0.08153329285530252,0.06497862647607959,0.05699124840252607,0.036010825574432,0.011632227972608272,0.0036692660448727275,-0.014917106681115302,-0.021824983077533073,-0.03640788934239976,-0.03713769614902703,-0.05159052969903933,-0.05160371735823821,-0.051951484344407634
engert_20221002_fish2_magneto_1,zebrafish 0.1 Hz,white,404,-0.014616206323200482,-0.01845283100885209,-0.014467027560769091,-0.014220182070714774,-0.014141546306652054,-0.022728327930148468,-0.02137596420339438,-0.015435142388949441,-0.01940900562657809,-0.01699133530042667,-0.01754183504094474,-0.009577195536486331,-0.011775720445477906,-0.009942913013017031,-0.005439967562093261,-0.010364467480800556
engert_20221002_fish2_magneto_2,zebrafish 0.1 Hz,real,393,0.08832726106836482,0.02667189781812738,0.02536504289238291,0.023062108153606386,0.010176908730434723,0.02297602273047673,-0.009464999776737234,0.005527398578348463,0.016820538473759934,0.004286201220505274,-0.011803232127114397,0.0003537864979888277,0.0165496633516419,-0.0034330106773411088,-0.0014861473355008905,-0.006464791556171091
engert_20221002_fish2_magneto_2,zebrafish 0.1 Hz,detrended,393,0.08844146488091942,0.026019183701018127,0.024887377386069224,0.02195136609815865,0.009903201182123076,0.023500266704165326,-0.009609173796569939,0.005231037840875139,0.016198487787393936,0.003923914867039747,-0.011969629525268812,-0.00031764800006701683,0.016670448969100804,-0.002362570283440004,-0.000926327462527138,-0.006131854225295819
engert_20221002_fish2_magneto_2,zebrafish 0.1 Hz,detrended + envelope-normalised,393,-0.01941960084258791,-0.027938512467960246,-0.028143190497446863,-0.027184549979013775,-0.031495265098791914,-0.009773617799446613,-0.036446188823342766,-0.025204111302935185,-0.017759466893578473,-0.03229642997481817,-0.04033540674905068,-0.0227365442788352,-0.012238021859406792,-0.026773389585146135,-0.011274959275228673,-0.026988114180775645
engert_20221002_fish2_magneto_2,zebrafish 0.1 Hz,"Gaussian, smooth spectrum",393,0.018241957074552954,0.016941865338703708,0.021979649540793563,0.016968858199193484,0.010058069286769057,0.013026346325050548,0.009699641693413976,0.00861282272774906,0.008494318328800779,0.0030594722942523943,-0.004006610988387342,0.003760120775878291,0.0024471476173089234,-0.004737447206295819,-0.0009145094250359886,-0.005090761182104906
engert_20221002_fish2_magneto_2,zebrafish 0.1 Hz,"Gaussian, smooth spectrum x envelope",393,0.1777541715119587,0.12680719010318608,0.10840850646506507,0.09340176995855722,0.07112376787990675,0.0668889127007815,0.04788719275678662,0.03408317332791981,0.03008253559519587,0.02161348761450264,0.0014586028670788215,-0.008607873178400517,-0.010395491513076054,-0.014527160599089567,-0.02280813535492913,-0.026775407463557995
engert_20221002_fish2_magneto_2,zebrafish 0.1 Hz,white x envelope,393,0.1667258058320156,0.10222931395247647,0.08767318832649411,0.07919415842149474,0.05224092307516898,0.04913510730039494,0.027262912766235724,0.020838676465440447,0.003332430713288538,-0.00444941573362034,-0.015320821181925086,-0.02303138653187867,-0.03003351477392006,-0.04045663869345369,-0.036050063909254165,-0.04085714754287619
engert_20221002_fish2_magneto_2,zebrafish 0.1 Hz,white,393,-0.01718595112853358,-0.015400185309015891,-0.011805218351015175,-0.016822087061748592,-0.018388333179550125,-0.015151826850491852,-0.010455072609509177,-0.023387585021240758,-0.011493228702545726,-0.01502174006396089,-0.021722681691160123,-0.015201912487991624,-0.010996271263301029,-0.008737307302487783,-0.013875703308025704,-0.014272084208609722
