experiment,kind,n_cells,n_frames,freq,M,dev_at_half,dev_sd,p_below_01
engert_20220221_magnet,real,1333,1194,0.4,72,-0.0019435979726576402,0.0,0.012003000750187547
engert_20220221_magnet,phase_only,1333,1194,0.4,72,-0.0019434408600671842,2.0934567363581007e-16,0.012003000750187549
engert_20220221_magnet,gaussian_psd,1333,1194,0.4,72,-0.13863350569054986,0.0023594568721915323,0.03525881470367592
engert_20220221_magnet,gaussian_white,1333,1194,0.4,72,-0.0015685004300249235,0.008282055818218056,0.011502875718929733
engert_20220221_visualmagnet,real,1337,1194,0.4,72,0.0005497008577558526,0.0,0.005983545250560957
engert_20220221_visualmagnet,phase_only,1337,1194,0.4,72,0.0005497771553586439,1.2819751242557092e-16,0.005983545250560957
engert_20220221_visualmagnet,gaussian_psd,1337,1194,0.4,72,-0.13314027612024074,0.0160035435244577,0.03527798553976565
engert_20220221_visualmagnet,gaussian_white,1337,1194,0.4,72,0.004650549094111768,0.019109519489213495,0.010346546995761657
engert_20220223_magnet,real,117,1194,0.4,72,-0.033620888638838164,0.0,0.0
engert_20220223_magnet,phase_only,117,1194,0.4,72,-0.03362076205639706,3.101874435536449e-16,0.0
engert_20220223_magnet,gaussian_psd,117,1194,0.4,72,-0.16689220326629725,0.025407358706136453,0.034188034188034185
engert_20220223_magnet,gaussian_white,117,1194,0.4,72,0.042658605029755,0.021554464632101887,0.011396011396011397
engert_20220223_visualmagnet,real,117,1194,0.4,72,0.07885634204901881,0.0,0.017094017094017096
engert_20220223_visualmagnet,phase_only,117,1194,0.4,72,0.07885635137849716,1.5265566588595902e-16,0.017094017094017092
engert_20220223_visualmagnet,gaussian_psd,117,1194,0.4,72,-0.1056329814303994,0.03188290255248945,0.039886039886039885
engert_20220223_visualmagnet,gaussian_white,117,1194,0.4,72,0.036978602603721815,0.04167689881094058,0.005698005698005698
engert_20220301_visualmagnet_a,real,1350,2936,0.4,180,0.02677917524023088,0.0,0.012592592592592593
engert_20220301_visualmagnet_a,phase_only,1350,2936,0.4,180,0.026779541514656963,2.4548227123168475e-16,0.012592592592592594
engert_20220301_visualmagnet_a,gaussian_psd,1350,2936,0.4,180,-0.10904276052593838,0.005969785178948137,0.04567901234567901
engert_20220301_visualmagnet_a,gaussian_white,1350,2936,0.4,180,0.008682167398395687,0.008328968909314581,0.009382716049382716
engert_20220301_visualmagnet_b,real,1348,2936,0.4,180,0.06635170928434175,0.0,0.02225519287833828
engert_20220301_visualmagnet_b,phase_only,1348,2936,0.4,180,0.0663515290751394,5.529678810779883e-16,0.02225519287833828
engert_20220301_visualmagnet_b,gaussian_psd,1348,2936,0.4,180,-0.08291859390765262,0.007117444612478157,0.059965380811078134
engert_20220301_visualmagnet_b,gaussian_white,1348,2936,0.4,180,-0.0005221954907043506,0.020060316685958143,0.010756676557863503
engert_20220914_fish2_magneto_0,real,150,1260,0.3,57,0.05026016928542476,0.0,0.006666666666666667
engert_20220914_fish2_magneto_0,phase_only,150,1260,0.3,57,0.05026012458574745,1.7457904046571e-16,0.006666666666666667
engert_20220914_fish2_magneto_0,gaussian_psd,150,1260,0.3,57,-0.09920083864186076,0.03739571607435747,0.03
engert_20220914_fish2_magneto_0,gaussian_white,150,1260,0.3,57,-0.02316277332618182,0.06350450321222859,0.007777777777777778
engert_20220914_fish2_magneto_1,real,223,1260,0.3,57,0.1280244639694148,0.0,0.004484304932735426
engert_20220914_fish2_magneto_1,phase_only,223,1260,0.3,57,0.1280244165526323,3.2049378106392735e-16,0.004484304932735426
engert_20220914_fish2_magneto_1,gaussian_psd,223,1260,0.3,57,-0.08868869692467722,0.02061443970967417,0.027653213751868456
engert_20220914_fish2_magneto_1,gaussian_white,223,1260,0.3,57,0.008762311718873697,0.02272557026727769,0.01046337817638266
engert_20220914_fish2_magneto_2,real,240,1260,0.3,57,0.0150731920744962,0.0,0.0125
engert_20220914_fish2_magneto_2,phase_only,240,1260,0.3,57,0.015073309278283301,2.8244757478809715e-16,0.012499999999999999
engert_20220914_fish2_magneto_2,gaussian_psd,240,1260,0.3,57,-0.1042505078350366,0.03222616955172738,0.0375
engert_20220914_fish2_magneto_2,gaussian_white,240,1260,0.3,57,0.007119635921072194,0.03914049026975485,0.009027777777777779
engert_20220915_fish1_magneto_0,real,57,1260,0.3,57,0.08262201481068054,0.0,0.0
engert_20220915_fish1_magneto_0,phase_only,57,1260,0.3,57,0.08262204358500015,1.6243534171511178e-16,0.0
engert_20220915_fish1_magneto_0,gaussian_psd,57,1260,0.3,57,-0.030047166786409257,0.06266158908383605,0.05555555555555555
engert_20220915_fish1_magneto_0,gaussian_white,57,1260,0.3,57,0.00836216617742431,0.08785687448420604,0.0029239766081871343
engert_20220915_fish1_magneto_1,real,92,1260,0.3,57,0.053854177385182944,0.0,0.021739130434782608
engert_20220915_fish1_magneto_1,phase_only,92,1260,0.3,57,0.05385415031517837,2.398355846665908e-16,0.021739130434782608
engert_20220915_fish1_magneto_1,gaussian_psd,92,1260,0.3,57,-0.08703059218524085,0.042623846850858856,0.04528985507246377
engert_20220915_fish1_magneto_1,gaussian_white,92,1260,0.3,57,0.03151426814935077,0.038034208937727576,0.010869565217391304
engert_20220915_fish1_magneto_2,real,95,1260,0.3,57,0.05799812547458072,0.0,0.0
engert_20220915_fish1_magneto_2,phase_only,95,1260,0.3,57,0.0579980567001445,1.0469838235046432e-16,0.0
engert_20220915_fish1_magneto_2,gaussian_psd,95,1260,0.3,57,-0.1041994343377165,0.03370512134849185,0.026315789473684213
engert_20220915_fish1_magneto_2,gaussian_white,95,1260,0.3,57,-0.003013468185796536,0.06791573726992768,0.014035087719298246
engert_20221001_fish1_magneto_0,real,378,1080,0.1,32,0.02306869433549752,0.0,0.0026455026455026454
engert_20221001_fish1_magneto_0,phase_only,378,1080,0.1,32,0.023068813606743916,8.275921921288956e-17,0.0026455026455026454
engert_20221001_fish1_magneto_0,gaussian_psd,378,1080,0.1,32,-0.13427479573663467,0.022751436009351866,0.03218694885361552
engert_20221001_fish1_magneto_0,gaussian_white,378,1080,0.1,32,0.02030147112435232,0.013145662420659752,0.011022927689594356
engert_20221001_fish1_magneto_1,real,424,1080,0.1,32,0.08473089349582164,0.0,0.0047169811320754715
engert_20221001_fish1_magneto_1,phase_only,424,1080,0.1,32,0.08473091612190307,1.8601758340048754e-16,0.0047169811320754715
engert_20221001_fish1_magneto_1,gaussian_psd,424,1080,0.1,32,-0.06951007980584865,0.019609407680983508,0.04284591194968554
engert_20221001_fish1_magneto_1,gaussian_white,424,1080,0.1,32,-0.0031659603447905713,0.02540380797977974,0.008254716981132075
engert_20221001_fish1_magneto_2,real,418,1080,0.1,32,-0.0012578911519138258,0.0,0.007177033492822967
engert_20221001_fish1_magneto_2,phase_only,418,1080,0.1,32,-0.0012576968725727666,2.220446049250313e-16,0.007177033492822967
engert_20221001_fish1_magneto_2,gaussian_psd,418,1080,0.1,32,-0.1530651576444029,0.007610807150209308,0.02791068580542265
engert_20221001_fish1_magneto_2,gaussian_white,418,1080,0.1,32,-0.002176972618746692,0.018833684143743198,0.008373205741626795
engert_20221001_fish2_magneto_0,real,250,1080,0.1,32,0.061544331106805794,0.0,0.008
engert_20221001_fish2_magneto_0,phase_only,250,1080,0.1,32,0.06154436650489207,2.0935843821306283e-16,0.008
engert_20221001_fish2_magneto_0,gaussian_psd,250,1080,0.1,32,-0.07943804906118564,0.007809761603590417,0.04599999999999999
engert_20221001_fish2_magneto_0,gaussian_white,250,1080,0.1,32,0.024795777984228457,0.019196783460883653,0.008
engert_20221001_fish2_magneto_1,real,275,1080,0.1,32,0.028553397411843817,0.0,0.007272727272727273
engert_20221001_fish2_magneto_1,phase_only,275,1080,0.1,32,0.028553437252222664,3.371557542344573e-16,0.007272727272727272
engert_20221001_fish2_magneto_1,gaussian_psd,275,1080,0.1,32,-0.1048530169330113,0.021277568816252278,0.03636363636363636
engert_20221001_fish2_magneto_1,gaussian_white,275,1080,0.1,32,-0.0012087301344572883,0.035091418721470785,0.008484848484848486
engert_20221001_fish2_magneto_2,real,259,1080,0.1,32,0.06915659865022805,0.0,0.003861003861003861
engert_20221001_fish2_magneto_2,phase_only,259,1080,0.1,32,0.06915641904907037,2.0939676470092863e-16,0.0038610038610038607
engert_20221001_fish2_magneto_2,gaussian_psd,259,1080,0.1,32,-0.09135788742868829,0.01714163247045792,0.048262548262548256
engert_20221001_fish2_magneto_2,gaussian_white,259,1080,0.1,32,0.012396180268274446,0.024660657222274524,0.009009009009009009
engert_20221002_fish1_magneto_1,real,382,1260,0.1,38,0.036263477698647795,0.0,0.01832460732984293
engert_20221002_fish1_magneto_1,phase_only,382,1260,0.1,38,0.03626344187204161,2.0014830212433605e-16,0.018324607329842927
engert_20221002_fish1_magneto_1,gaussian_psd,382,1260,0.1,38,-0.0892008397884363,0.023482911007754497,0.04144851657940663
engert_20221002_fish1_magneto_1,gaussian_white,382,1260,0.1,38,0.011269695640831431,0.0173305486501974,0.011343804537521813
engert_20221002_fish1_magneto_2,real,382,1260,0.1,38,0.036263477698647795,0.0,0.01832460732984293
engert_20221002_fish1_magneto_2,phase_only,382,1260,0.1,38,0.03626344187204178,2.482534153247273e-16,0.018324607329842927
engert_20221002_fish1_magneto_2,gaussian_psd,382,1260,0.1,38,-0.11571467508466105,0.0240308301802506,0.0418848167539267
engert_20221002_fish1_magneto_2,gaussian_white,382,1260,0.1,38,0.0036851507594351054,0.013273510927404884,0.010471204188481674
engert_20221002_fish1_magneto_3,real,382,1260,0.1,38,0.036263477698647795,0.0,0.01832460732984293
engert_20221002_fish1_magneto_3,phase_only,382,1260,0.1,38,0.036263441872041724,1.2412670766236366e-16,0.018324607329842927
engert_20221002_fish1_magneto_3,gaussian_psd,382,1260,0.1,38,-0.12245237412567785,0.031215173218057696,0.044938917975567184
engert_20221002_fish1_magneto_3,gaussian_white,382,1260,0.1,38,-0.02094208952644383,0.015283082418322689,0.010471204188481674
engert_20221002_fish2_magneto_0,real,345,1080,0.1,32,0.049972718774594305,0.0,0.005797101449275362
engert_20221002_fish2_magneto_0,phase_only,345,1080,0.1,32,0.049972729798090164,1.3848845570247444e-16,0.005797101449275362
engert_20221002_fish2_magneto_0,gaussian_psd,345,1080,0.1,32,-0.10241157433505917,0.01896806424145506,0.03140096618357488
engert_20221002_fish2_magneto_0,gaussian_white,345,1080,0.1,32,0.008456640109599114,0.011817978214412578,0.009178743961352657
engert_20221002_fish2_magneto_1,real,404,1080,0.1,32,0.05456551138930965,0.0,0.0049504950495049506
engert_20221002_fish2_magneto_1,phase_only,404,1080,0.1,32,0.0545653982699331,2.9664616808968467e-16,0.0049504950495049506
engert_20221002_fish2_magneto_1,gaussian_psd,404,1080,0.1,32,-0.10160249240993531,0.018333028218850907,0.05115511551155114
engert_20221002_fish2_magneto_1,gaussian_white,404,1080,0.1,32,0.002915581307618357,0.02098579468706454,0.00825082508250825
engert_20221002_fish2_magneto_2,real,393,1080,0.1,32,0.06803245508987765,0.0,0.002544529262086514
engert_20221002_fish2_magneto_2,phase_only,393,1080,0.1,32,0.06803252060813593,2.896659246623092e-16,0.002544529262086514
engert_20221002_fish2_magneto_2,gaussian_psd,393,1080,0.1,32,-0.10887089138937305,0.01887798028908924,0.033502968617472435
engert_20221002_fish2_magneto_2,gaussian_white,393,1080,0.1,32,-0.0009135562797822905,0.01746701804242605,0.006785411365564036
