batch,threshold,n,n_total,dev_sham,dev_stim
zebrafish 0.4 Hz (2022 Q1),0.0,5602,5602,-0.003034630489111012,0.022491967154587678
zebrafish 0.4 Hz (2022 Q1),0.05,5602,5602,-0.003034630489111012,0.022491967154587678
zebrafish 0.4 Hz (2022 Q1),0.1,5602,5602,-0.003034630489111012,0.022491967154587678
zebrafish 0.4 Hz (2022 Q1),0.15,5602,5602,-0.003034630489111012,0.022491967154587678
zebrafish 0.4 Hz (2022 Q1),0.2,5602,5602,-0.003034630489111012,0.022491967154587678
zebrafish 0.4 Hz (2022 Q1),0.25,5602,5602,-0.003034630489111012,0.022491967154587678
zebrafish 0.4 Hz (2022 Q1),0.3,5602,5602,-0.003034630489111012,0.022491967154587678
zebrafish 0.4 Hz (2022 Q1),0.35,5602,5602,-0.003034630489111012,0.022491967154587678
zebrafish 0.4 Hz (2022 Q1),0.4,5602,5602,-0.003034630489111012,0.022491967154587678
zebrafish 0.4 Hz (2022 Q1),0.45,5602,5602,-0.003034630489111012,0.022491967154587678
zebrafish 0.4 Hz (2022 Q1),0.5,5602,5602,-0.003034630489111012,0.022491967154587678
zebrafish 0.4 Hz (2022 Q1),0.55,5602,5602,-0.003034630489111012,0.022491967154587678
zebrafish 0.4 Hz (2022 Q1),0.6,5602,5602,-0.003034630489111012,0.022491967154587678
zebrafish 0.4 Hz (2022 Q1),0.65,5602,5602,-0.003034630489111012,0.022491967154587678
zebrafish 0.4 Hz (2022 Q1),0.7,5602,5602,-0.003034630489111012,0.022491967154587678
zebrafish 0.4 Hz (2022 Q1),0.75,5602,5602,-0.003034630489111012,0.022491967154587678
zebrafish 0.4 Hz (2022 Q1),0.8,5602,5602,-0.003034630489111012,0.022491967154587678
zebrafish 0.4 Hz (2022 Q1),0.85,5602,5602,-0.003034630489111012,0.022491967154587678
zebrafish 0.4 Hz (2022 Q1),0.9,5602,5602,-0.003034630489111012,0.022491967154587678
zebrafish 0.4 Hz (2022 Q1),0.95,5602,5602,-0.003034630489111012,0.022491967154587678
zebrafish 0.4 Hz (2022 Q1),1.0,5602,5602,-0.003034630489111012,0.022491967154587678
zebrafish 0.3 Hz,0.0,857,857,0.051400233372228654,0.05775962660443412
zebrafish 0.3 Hz,0.05,522,857,0.017241379310344862,0.028735632183908066
zebrafish 0.3 Hz,0.1,416,857,0.013942307692307643,0.02644230769230771
zebrafish 0.3 Hz,0.15,325,857,0.014461538461538415,0.023076923076923106
zebrafish 0.3 Hz,0.2,284,857,0.008274647887323905,0.014084507042253502
zebrafish 0.3 Hz,0.25,255,857,0.004509803921568634,-0.00588235294117645
zebrafish 0.3 Hz,0.3,231,857,0.0021645021645021467,-0.015151515151515138
zebrafish 0.3 Hz,0.35,208,857,0.0028846153846153744,-0.009615384615384637
zebrafish 0.3 Hz,0.4,186,857,0.003225806451612856,0.005376344086021501
zebrafish 0.3 Hz,0.45,178,857,0.0022471910112359383,0.011235955056179803
zebrafish 0.3 Hz,0.5,163,857,0.006748466257668673,0.021472392638036797
zebrafish 0.3 Hz,0.55,151,857,0.005298013245033095,0.023178807947019875
zebrafish 0.3 Hz,0.6,135,857,0.005185185185185182,0.04814814814814816
zebrafish 0.3 Hz,0.65,120,857,0.003750000000000031,0.04166666666666663
zebrafish 0.3 Hz,0.7,104,857,0.007692307692307665,0.028846153846153855
zebrafish 0.3 Hz,0.75,86,857,0.0,0.0
zebrafish 0.3 Hz,0.8,73,857,0.007534246575342518,-0.006849315068493178
zebrafish 0.3 Hz,0.85,57,857,0.007017543859649145,0.06140350877192979
zebrafish 0.3 Hz,0.9,44,857,-0.009090909090909094,0.11363636363636365
zebrafish 0.3 Hz,0.95,36,857,-0.011111111111111127,0.11111111111111116
zebrafish 0.3 Hz,1.0,22,857,-0.004545454545454519,0.13636363636363635
zebrafish 0.1 Hz,0.0,3528,3528,0.03635204081632648,0.04336734693877553
zebrafish 0.1 Hz,0.05,3082,3528,0.026768332251784543,0.03439325113562619
zebrafish 0.1 Hz,0.1,2708,3528,0.020102474150664684,0.034711964549483
zebrafish 0.1 Hz,0.15,2474,3528,0.016673403395311204,0.02708164915117217
zebrafish 0.1 Hz,0.2,2269,3528,0.014543851917144135,0.027545174085500168
zebrafish 0.1 Hz,0.25,2115,3528,0.013652482269503552,0.027186761229314405
zebrafish 0.1 Hz,0.3,1979,3528,0.012379989893885779,0.029560384032339515
zebrafish 0.1 Hz,0.35,1861,3528,0.012123858140784538,0.029822675980655577
zebrafish 0.1 Hz,0.4,1758,3528,0.010807736063708773,0.027872582480091057
zebrafish 0.1 Hz,0.45,1643,3528,0.01228697504564824,0.029519172245891623
zebrafish 0.1 Hz,0.5,1643,3528,0.01228697504564824,0.029519172245891623
zebrafish 0.1 Hz,0.55,1545,3528,0.011974110032362484,0.033333333333333326
zebrafish 0.1 Hz,0.6,1450,3528,0.010818965517241375,0.03310344827586209
zebrafish 0.1 Hz,0.65,1345,3528,0.010780669144981436,0.03382899628252789
zebrafish 0.1 Hz,0.7,1246,3528,0.0110854735152488,0.0321027287319422
zebrafish 0.1 Hz,0.75,1164,3528,0.010685137457044691,0.03865979381443296
zebrafish 0.1 Hz,0.8,1082,3528,0.010108595194085024,0.0406654343807763
zebrafish 0.1 Hz,0.85,995,3528,0.010175879396984944,0.033668341708542715
zebrafish 0.1 Hz,0.9,899,3528,0.009385428253615102,0.02836484983314791
zebrafish 0.1 Hz,0.95,766,3528,0.008404046997389059,0.03263707571801566
zebrafish 0.1 Hz,1.0,764,3528,0.00834424083769636,0.0327225130890052
medaka 0.1 Hz,0.0,578,578,0.039050914483440446,0.08823529411764708
medaka 0.1 Hz,0.05,560,578,0.037670068027210846,0.0892857142857143
medaka 0.1 Hz,0.1,545,578,0.03612931411096554,0.09082568807339453
medaka 0.1 Hz,0.15,525,578,0.033877551020408125,0.09047619047619049
medaka 0.1 Hz,0.2,510,578,0.034547152194211006,0.08431372549019611
medaka 0.1 Hz,0.25,498,578,0.03471026965002866,0.08433734939759041
medaka 0.1 Hz,0.3,478,578,0.033672046224347496,0.07322175732217573
medaka 0.1 Hz,0.35,463,578,0.03286022832459112,0.0745140388768899
medaka 0.1 Hz,0.4,438,578,0.032833224614046586,0.07990867579908678
medaka 0.1 Hz,0.45,422,578,0.03306251410516814,0.08530805687203791
medaka 0.1 Hz,0.5,422,578,0.03306251410516814,0.08530805687203791
medaka 0.1 Hz,0.55,395,578,0.033694996986136205,0.09240506329113929
medaka 0.1 Hz,0.6,370,578,0.032432432432432434,0.09459459459459463
medaka 0.1 Hz,0.65,351,578,0.03208519875186544,0.08974358974358976
medaka 0.1 Hz,0.7,325,578,0.0317216117216117,0.09692307692307689
medaka 0.1 Hz,0.75,296,578,0.029601029601029616,0.09459459459459463
medaka 0.1 Hz,0.8,269,578,0.030182333156310803,0.09107806691449816
medaka 0.1 Hz,0.85,235,578,0.030091185410334398,0.09148936170212763
medaka 0.1 Hz,0.9,196,578,0.030369290573372232,0.11734693877551017
medaka 0.1 Hz,0.95,146,578,0.03261578604044357,0.13013698630136983
medaka 0.1 Hz,1.0,146,578,0.03261578604044357,0.13013698630136983
