species,area,spk_count
zebra finch,NCM,488.0
zebra finch,NCM,339.0
zebra finch,NCM,86.0
zebra finch,NCM,125.0
zebra finch,NCM,2243.0
zebra finch,NCM,185.0
zebra finch,NCM,215.0
zebra finch,NCM,1929.0
zebra finch,NCM,77.0
zebra finch,NCM,770.0
zebra finch,NCM,258.0
zebra finch,NCM,781.0
zebra finch,NCM,948.0
zebra finch,NCM,550.0
zebra finch,NCM,280.0
zebra finch,NCM,53.0
zebra finch,NCM,1076.0
zebra finch,NCM,1447.0
zebra finch,NCM,1094.0
zebra finch,NCM,98.0
zebra finch,NCM,576.0
zebra finch,NCM,104.0
zebra finch,NCM,71.0
zebra finch,NCM,142.0
zebra finch,NCM,971.0
zebra finch,NCM,132.0
zebra finch,NCM,233.0
zebra finch,NCM,220.0
zebra finch,NCM,118.0
zebra finch,NCM,1039.0
zebra finch,NCM,357.0
zebra finch,NCM,270.0
zebra finch,NCM,121.0
zebra finch,NCM,113.0
zebra finch,NCM,73.0
zebra finch,NCM,150.0
zebra finch,NCM,146.0
zebra finch,NCM,164.0
zebra finch,NCM,665.0
zebra finch,NCM,133.0
zebra finch,NCM,54.0
zebra finch,NCM,59.0
zebra finch,NCM,140.0
zebra finch,NCM,107.0
zebra finch,NCM,117.0
zebra finch,NCM,1388.0
zebra finch,NCM,5481.0
zebra finch,NCM,3670.0
zebra finch,NCM,55.0
zebra finch,NCM,8269.0
zebra finch,NCM,4417.0
zebra finch,NCM,6508.0
zebra finch,NCM,439.0
zebra finch,NCM,51.0
zebra finch,NCM,8365.0
zebra finch,NCM,6208.0
zebra finch,NCM,10703.0
zebra finch,NCM,4392.0
zebra finch,NCM,1055.0
zebra finch,NCM,3560.0
zebra finch,NCM,284.0
zebra finch,NCM,4468.0
zebra finch,NCM,1288.0
zebra finch,NCM,3023.0
zebra finch,NCM,52.0
zebra finch,NCM,1619.0
zebra finch,NCM,1430.0
zebra finch,NCM,7132.0
zebra finch,NCM,4030.0
zebra finch,NCM,3420.0
zebra finch,NCM,364.0
zebra finch,NCM,81.0
zebra finch,NCM,3429.0
zebra finch,NCM,55.0
zebra finch,NCM,106.0
zebra finch,NCM,69.0
zebra finch,NCM,1922.0
zebra finch,NCM,175.0
zebra finch,NCM,331.0
zebra finch,NCM,120.0
zebra finch,NCM,2423.0
zebra finch,NCM,81.0
zebra finch,NCM,274.0
zebra finch,NCM,190.0
zebra finch,NCM,66.0
zebra finch,NCM,324.0
zebra finch,NCM,372.0
zebra finch,NCM,442.0
zebra finch,NCM,77.0
zebra finch,NCM,137.0
zebra finch,NCM,65.0
zebra finch,NCM,2687.0
zebra finch,NCM,306.0
zebra finch,NCM,246.0
zebra finch,NCM,155.0
zebra finch,NCM,143.0
zebra finch,NCM,285.0
zebra finch,NCM,162.0
zebra finch,NCM,164.0
zebra finch,NCM,155.0
zebra finch,NCM,500.0
zebra finch,NCM,290.0
zebra finch,NCM,407.0
zebra finch,NCM,122.0
zebra finch,NCM,379.0
zebra finch,NCM,212.0
zebra finch,NCM,159.0
zebra finch,NCM,293.0
zebra finch,NCM,72.0
zebra finch,NCM,2028.0
zebra finch,NCM,195.0
zebra finch,NCM,110.0
zebra finch,NCM,321.0
zebra finch,NCM,221.0
zebra finch,NCM,227.0
zebra finch,NCM,82.0
zebra finch,NCM,238.0
zebra finch,NCM,108.0
zebra finch,NCM,2451.0
zebra finch,NCM,4601.0
zebra finch,NCM,69.0
zebra finch,NCM,1431.0
zebra finch,NCM,465.0
zebra finch,NCM,234.0
zebra finch,NCM,2157.0
zebra finch,NCM,202.0
zebra finch,NCM,79.0
zebra finch,NCM,83.0
zebra finch,NCM,132.0
zebra finch,NCM,1286.0
zebra finch,NCM,148.0
zebra finch,NCM,73.0
zebra finch,NCM,111.0
zebra finch,NCM,434.0
zebra finch,NCM,1403.0
zebra finch,NCM,1366.0
zebra finch,NCM,149.0
zebra finch,NCM,121.0
zebra finch,NCM,140.0
zebra finch,NCM,126.0
zebra finch,NCM,136.0
zebra finch,NCM,70.0
zebra finch,NCM,119.0
zebra finch,NCM,85.0
zebra finch,NCM,111.0
zebra finch,NCM,177.0
zebra finch,NCM,135.0
zebra finch,NCM,52.0
zebra finch,NCM,63.0
zebra finch,NCM,76.0
zebra finch,NCM,101.0
zebra finch,NCM,60.0
zebra finch,arcopallium,325.0
zebra finch,arcopallium,825.0
zebra finch,arcopallium,431.0
zebra finch,arcopallium,1244.0
zebra finch,arcopallium,2139.0
zebra finch,arcopallium,331.0
zebra finch,arcopallium,469.0
zebra finch,arcopallium,468.0
zebra finch,arcopallium,1824.0
zebra finch,arcopallium,257.0
zebra finch,arcopallium,823.0
zebra finch,arcopallium,419.0
zebra finch,arcopallium,278.0
zebra finch,arcopallium,390.0
zebra finch,arcopallium,562.0
zebra finch,arcopallium,384.0
zebra finch,arcopallium,372.0
zebra finch,arcopallium,312.0
zebra finch,arcopallium,259.0
zebra finch,arcopallium,523.0
zebra finch,arcopallium,296.0
zebra finch,arcopallium,323.0
zebra finch,arcopallium,313.0
zebra finch,arcopallium,314.0
zebra finch,arcopallium,250.0
zebra finch,arcopallium,295.0
zebra finch,arcopallium,317.0
zebra finch,arcopallium,367.0
zebra finch,arcopallium,276.0
zebra finch,arcopallium,213.0
zebra finch,arcopallium,252.0
zebra finch,arcopallium,502.0
zebra finch,arcopallium,2365.0
zebra finch,arcopallium,1937.0
zebra finch,arcopallium,350.0
zebra finch,arcopallium,137.0
zebra finch,arcopallium,369.0
zebra finch,arcopallium,124.0
zebra finch,arcopallium,324.0
zebra finch,arcopallium,73.0
zebra finch,arcopallium,196.0
zebra finch,arcopallium,904.0
zebra finch,arcopallium,686.0
zebra finch,arcopallium,162.0
zebra finch,arcopallium,52.0
zebra finch,arcopallium,382.0
zebra finch,arcopallium,330.0
zebra finch,arcopallium,175.0
zebra finch,arcopallium,69.0
zebra finch,arcopallium,59.0
zebra finch,arcopallium,854.0
zebra finch,arcopallium,556.0
zebra finch,arcopallium,1010.0
zebra finch,arcopallium,60.0
zebra finch,arcopallium,123.0
zebra finch,arcopallium,132.0
zebra finch,arcopallium,82.0
zebra finch,arcopallium,330.0
zebra finch,arcopallium,67.0
zebra finch,arcopallium,78.0
zebra finch,arcopallium,105.0
zebra finch,arcopallium,72.0
zebra finch,arcopallium,91.0
zebra finch,arcopallium,319.0
zebra finch,arcopallium,256.0
zebra finch,arcopallium,103.0
zebra finch,arcopallium,81.0
zebra finch,arcopallium,96.0
zebra finch,arcopallium,737.0
zebra finch,arcopallium,419.0
zebra finch,arcopallium,492.0
zebra finch,arcopallium,204.0
zebra finch,arcopallium,645.0
zebra finch,arcopallium,51.0
zebra finch,arcopallium,70.0
zebra finch,arcopallium,55.0
zebra finch,arcopallium,208.0
zebra finch,arcopallium,88.0
zebra finch,arcopallium,95.0
zebra finch,arcopallium,176.0
zebra finch,arcopallium,169.0
zebra finch,arcopallium,1005.0
zebra finch,arcopallium,73.0
zebra finch,arcopallium,77.0
zebra finch,arcopallium,530.0
zebra finch,arcopallium,185.0
zebra finch,arcopallium,126.0
zebra finch,arcopallium,63.0
zebra finch,arcopallium,458.0
zebra finch,arcopallium,563.0
zebra finch,arcopallium,535.0
zebra finch,arcopallium,95.0
zebra finch,arcopallium,115.0
zebra finch,arcopallium,197.0
zebra finch,arcopallium,79.0
zebra finch,arcopallium,669.0
zebra finch,arcopallium,79.0
zebra finch,arcopallium,210.0
zebra finch,arcopallium,107.0
zebra finch,arcopallium,380.0
zebra finch,arcopallium,53.0
zebra finch,arcopallium,62.0
zebra finch,arcopallium,190.0
zebra finch,arcopallium,81.0
zebra finch,arcopallium,81.0
zebra finch,arcopallium,188.0
zebra finch,arcopallium,582.0
zebra finch,arcopallium,87.0
zebra finch,arcopallium,183.0
zebra finch,arcopallium,190.0
zebra finch,arcopallium,130.0
zebra finch,arcopallium,192.0
zebra finch,arcopallium,252.0
zebra finch,arcopallium,646.0
zebra finch,arcopallium,590.0
zebra finch,arcopallium,95.0
zebra finch,arcopallium,418.0
zebra finch,arcopallium,510.0
zebra finch,arcopallium,333.0
zebra finch,arcopallium,271.0
zebra finch,arcopallium,292.0
zebra finch,arcopallium,549.0
zebra finch,arcopallium,339.0
zebra finch,arcopallium,284.0
zebra finch,arcopallium,239.0
zebra finch,arcopallium,391.0
zebra finch,arcopallium,812.0
zebra finch,arcopallium,323.0
zebra finch,arcopallium,250.0
zebra finch,arcopallium,176.0
zebra finch,arcopallium,276.0
zebra finch,arcopallium,174.0
zebra finch,arcopallium,141.0
zebra finch,arcopallium,171.0
zebra finch,arcopallium,126.0
zebra finch,arcopallium,180.0
zebra finch,arcopallium,723.0
zebra finch,arcopallium,759.0
zebra finch,arcopallium,114.0
zebra finch,arcopallium,79.0
zebra finch,arcopallium,88.0
zebra finch,arcopallium,109.0
zebra finch,arcopallium,65.0
zebra finch,arcopallium,199.0
zebra finch,arcopallium,86.0
zebra finch,arcopallium,55.0
zebra finch,arcopallium,79.0
zebra finch,arcopallium,1130.0
zebra finch,arcopallium,166.0
zebra finch,arcopallium,58.0
zebra finch,arcopallium,118.0
zebra finch,arcopallium,637.0
zebra finch,arcopallium,143.0
zebra finch,arcopallium,76.0
zebra finch,arcopallium,167.0
zebra finch,arcopallium,77.0
zebra finch,arcopallium,1026.0
zebra finch,arcopallium,242.0
zebra finch,arcopallium,108.0
zebra finch,arcopallium,122.0
zebra finch,arcopallium,56.0
zebra finch,arcopallium,191.0
zebra finch,arcopallium,58.0
zebra finch,arcopallium,185.0
zebra finch,arcopallium,434.0
zebra finch,arcopallium,135.0
zebra finch,arcopallium,75.0
zebra finch,arcopallium,1163.0
zebra finch,arcopallium,332.0
zebra finch,arcopallium,302.0
zebra finch,arcopallium,222.0
zebra finch,arcopallium,316.0
zebra finch,arcopallium,223.0
zebra finch,arcopallium,286.0
zebra finch,arcopallium,56.0
zebra finch,arcopallium,75.0
zebra finch,arcopallium,111.0
zebra finch,arcopallium,59.0
zebra finch,NCM,61.0
zebra finch,NCM,602.0
zebra finch,NCM,1245.0
zebra finch,NCM,384.0
zebra finch,NCM,1343.0
zebra finch,NCM,1747.0
zebra finch,NCM,1560.0
zebra finch,NCM,531.0
zebra finch,NCM,57.0
zebra finch,NCM,57.0
zebra finch,NCM,180.0
zebra finch,NCM,1362.0
zebra finch,NCM,61.0
zebra finch,NCM,231.0
zebra finch,NCM,146.0
zebra finch,NCM,211.0
zebra finch,NCM,76.0
zebra finch,NCM,961.0
zebra finch,NCM,379.0
zebra finch,NCM,1147.0
zebra finch,NCM,130.0
zebra finch,NCM,1501.0
zebra finch,NCM,717.0
zebra finch,NCM,1132.0
zebra finch,NCM,4115.0
zebra finch,NCM,3780.0
zebra finch,NCM,2917.0
zebra finch,NCM,131.0
zebra finch,NCM,81.0
zebra finch,NCM,923.0
zebra finch,NCM,6263.0
zebra finch,NCM,80.0
zebra finch,NCM,1520.0
zebra finch,NCM,917.0
zebra finch,NCM,297.0
zebra finch,NCM,3456.0
zebra finch,NCM,419.0
zebra finch,NCM,206.0
zebra finch,NCM,2304.0
zebra finch,NCM,321.0
zebra finch,NCM,70.0
zebra finch,NCM,313.0
zebra finch,NCM,1906.0
zebra finch,NCM,70.0
zebra finch,NCM,76.0
zebra finch,NCM,1280.0
zebra finch,NCM,1181.0
zebra finch,NCM,104.0
zebra finch,NCM,591.0
zebra finch,NCM,6650.0
zebra finch,NCM,6224.0
zebra finch,NCM,1905.0
zebra finch,NCM,8699.0
zebra finch,NCM,61.0
zebra finch,NCM,4907.0
zebra finch,NCM,69.0
zebra finch,NCM,1242.0
zebra finch,NCM,8306.0
zebra finch,NCM,528.0
zebra finch,NCM,4021.0
zebra finch,NCM,66.0
zebra finch,NCM,2477.0
zebra finch,NCM,60.0
zebra finch,NCM,2294.0
zebra finch,NCM,80.0
zebra finch,NCM,63.0
zebra finch,NCM,153.0
zebra finch,NCM,73.0
zebra finch,NCM,435.0
zebra finch,NCM,1345.0
zebra finch,NCM,332.0
zebra finch,NCM,851.0
zebra finch,NCM,316.0
zebra finch,NCM,224.0
zebra finch,NCM,305.0
zebra finch,NCM,92.0
zebra finch,NCM,170.0
zebra finch,NCM,227.0
zebra finch,NCM,107.0
zebra finch,NCM,72.0
zebra finch,NCM,1157.0
zebra finch,NCM,300.0
zebra finch,NCM,421.0
zebra finch,NCM,505.0
zebra finch,NCM,199.0
zebra finch,NCM,117.0
zebra finch,NCM,313.0
zebra finch,NCM,82.0
zebra finch,NCM,207.0
zebra finch,NCM,171.0
zebra finch,NCM,1514.0
zebra finch,NCM,54.0
zebra finch,NCM,620.0
zebra finch,NCM,245.0
zebra finch,NCM,444.0
zebra finch,NCM,210.0
zebra finch,NCM,1142.0
zebra finch,NCM,1466.0
zebra finch,NCM,142.0
zebra finch,NCM,175.0
zebra finch,NCM,132.0
zebra finch,NCM,211.0
zebra finch,NCM,1425.0
zebra finch,NCM,138.0
zebra finch,NCM,1996.0
zebra finch,NCM,127.0
zebra finch,NCM,53.0
zebra finch,NCM,156.0
zebra finch,NCM,134.0
zebra finch,NCM,211.0
zebra finch,NCM,110.0
zebra finch,NCM,112.0
zebra finch,NCM,393.0
zebra finch,NCM,926.0
zebra finch,NCM,145.0
zebra finch,NCM,54.0
zebra finch,NCM,289.0
zebra finch,NCM,995.0
zebra finch,NCM,159.0
zebra finch,NCM,286.0
zebra finch,NCM,69.0
zebra finch,NCM,244.0
zebra finch,NCM,350.0
zebra finch,NCM,340.0
zebra finch,NCM,79.0
zebra finch,NCM,692.0
zebra finch,NCM,872.0
zebra finch,NCM,89.0
zebra finch,NCM,579.0
zebra finch,NCM,273.0
zebra finch,NCM,600.0
zebra finch,NCM,1128.0
zebra finch,NCM,307.0
zebra finch,NCM,945.0
zebra finch,NCM,744.0
zebra finch,NCM,1397.0
zebra finch,NCM,449.0
zebra finch,NCM,373.0
zebra finch,NCM,884.0
zebra finch,NCM,122.0
zebra finch,NCM,1781.0
zebra finch,NCM,230.0
zebra finch,NCM,202.0
zebra finch,NCM,449.0
zebra finch,NCM,304.0
zebra finch,NCM,2280.0
zebra finch,NCM,770.0
zebra finch,NCM,742.0
zebra finch,NCM,124.0
zebra finch,NCM,356.0
zebra finch,NCM,434.0
zebra finch,NCM,190.0
zebra finch,NCM,1430.0
zebra finch,NCM,2604.0
zebra finch,NCM,319.0
zebra finch,NCM,362.0
zebra finch,NCM,178.0
zebra finch,NCM,285.0
zebra finch,NCM,156.0
zebra finch,NCM,52.0
zebra finch,NCM,316.0
zebra finch,NCM,98.0
zebra finch,NCM,55.0
zebra finch,NCM,164.0
zebra finch,NCM,384.0
zebra finch,NCM,137.0
zebra finch,NCM,847.0
zebra finch,NCM,408.0
zebra finch,NCM,67.0
zebra finch,NCM,86.0
zebra finch,NCM,114.0
zebra finch,NCM,253.0
zebra finch,NCM,111.0
zebra finch,NCM,224.0
zebra finch,NCM,274.0
zebra finch,NCM,239.0
zebra finch,NCM,458.0
zebra finch,NCM,145.0
zebra finch,NCM,147.0
zebra finch,NCM,106.0
zebra finch,NCM,251.0
zebra finch,NCM,83.0
zebra finch,NCM,275.0
zebra finch,NCM,219.0
zebra finch,NCM,1867.0
zebra finch,NCM,198.0
zebra finch,NCM,440.0
zebra finch,NCM,1284.0
zebra finch,NCM,58.0
zebra finch,NCM,1035.0
zebra finch,NCM,150.0
zebra finch,NCM,589.0
zebra finch,NCM,432.0
zebra finch,NCM,492.0
zebra finch,NCM,227.0
zebra finch,NCM,234.0
zebra finch,NCM,87.0
zebra finch,NCM,57.0
zebra finch,NCM,60.0
zebra finch,NCM,76.0
zebra finch,NCM,1672.0
zebra finch,NCM,937.0
zebra finch,NCM,5414.0
zebra finch,NCM,1119.0
zebra finch,NCM,590.0
zebra finch,NCM,160.0
zebra finch,NCM,140.0
zebra finch,NCM,499.0
zebra finch,NCM,63.0
zebra finch,NCM,1957.0
zebra finch,NCM,3334.0
zebra finch,NCM,112.0
zebra finch,NCM,123.0
zebra finch,NCM,352.0
zebra finch,NCM,931.0
zebra finch,NCM,768.0
zebra finch,NCM,373.0
zebra finch,NCM,1012.0
zebra finch,NCM,137.0
zebra finch,NCM,363.0
zebra finch,NCM,338.0
zebra finch,NCM,296.0
zebra finch,NCM,2620.0
zebra finch,NCM,207.0
zebra finch,NCM,707.0
zebra finch,NCM,827.0
zebra finch,NCM,3435.0
zebra finch,NCM,510.0
zebra finch,NCM,315.0
zebra finch,NCM,83.0
zebra finch,NCM,317.0
zebra finch,NCM,424.0
zebra finch,NCM,192.0
zebra finch,NCM,116.0
zebra finch,NCM,83.0
zebra finch,NCM,124.0
zebra finch,NCM,151.0
zebra finch,NCM,907.0
zebra finch,NCM,226.0
zebra finch,NCM,822.0
zebra finch,NCM,268.0
zebra finch,NCM,1400.0
zebra finch,NCM,251.0
zebra finch,NCM,993.0
zebra finch,NCM,204.0
zebra finch,NCM,81.0
zebra finch,NCM,84.0
zebra finch,NCM,190.0
zebra finch,NCM,51.0
zebra finch,NCM,79.0
zebra finch,NCM,1001.0
zebra finch,NCM,88.0
zebra finch,NCM,202.0
zebra finch,NCM,175.0
zebra finch,NCM,1145.0
zebra finch,NCM,570.0
zebra finch,NCM,108.0
zebra finch,NCM,345.0
zebra finch,NCM,202.0
zebra finch,NCM,119.0
zebra finch,NCM,71.0
zebra finch,NCM,2996.0
zebra finch,NCM,280.0
zebra finch,NCM,160.0
zebra finch,NCM,165.0
zebra finch,NCM,76.0
zebra finch,NCM,1088.0
zebra finch,NCM,175.0
zebra finch,NCM,146.0
zebra finch,NCM,276.0
zebra finch,NCM,527.0
zebra finch,NCM,52.0
zebra finch,NCM,270.0
zebra finch,NCM,1074.0
zebra finch,NCM,60.0
zebra finch,NCM,361.0
zebra finch,NCM,358.0
zebra finch,NCM,93.0
zebra finch,NCM,467.0
zebra finch,NCM,221.0
zebra finch,NCM,93.0
zebra finch,NCM,68.0
zebra finch,NCM,54.0
zebra finch,NCM,2075.0
zebra finch,NCM,228.0
zebra finch,NCM,57.0
zebra finch,NCM,63.0
zebra finch,NCM,132.0
zebra finch,NCM,738.0
zebra finch,NCM,272.0
zebra finch,NCM,355.0
zebra finch,NCM,406.0
zebra finch,NCM,201.0
zebra finch,NCM,59.0
zebra finch,NCM,68.0
zebra finch,NCM,772.0
zebra finch,NCM,264.0
zebra finch,NCM,147.0
zebra finch,NCM,645.0
zebra finch,NCM,52.0
zebra finch,NCM,1940.0
zebra finch,NCM,55.0
zebra finch,NCM,755.0
zebra finch,NCM,64.0
zebra finch,NCM,85.0
zebra finch,NCM,268.0
zebra finch,NCM,212.0
zebra finch,NCM,67.0
zebra finch,NCM,63.0
zebra finch,NCM,197.0
zebra finch,NCM,230.0
zebra finch,NCM,93.0
zebra finch,NCM,54.0
zebra finch,NCM,591.0
zebra finch,NCM,322.0
zebra finch,NCM,115.0
zebra finch,NCM,51.0
zebra finch,NCM,54.0
zebra finch,NCM,110.0
zebra finch,NCM,283.0
zebra finch,NCM,419.0
zebra finch,NCM,77.0
zebra finch,NCM,155.0
zebra finch,NCM,54.0
zebra finch,NCM,164.0
zebra finch,NCM,328.0
zebra finch,NCM,219.0
zebra finch,NCM,118.0
zebra finch,NCM,450.0
zebra finch,NCM,438.0
zebra finch,NCM,237.0
zebra finch,NCM,1433.0
zebra finch,NCM,63.0
zebra finch,NCM,68.0
zebra finch,NCM,730.0
zebra finch,NCM,385.0
zebra finch,NCM,142.0
zebra finch,NCM,81.0
zebra finch,NCM,603.0
zebra finch,NCM,212.0
zebra finch,NCM,89.0
zebra finch,NCM,161.0
zebra finch,NCM,232.0
zebra finch,NCM,217.0
zebra finch,NCM,72.0
zebra finch,NCM,789.0
zebra finch,NCM,211.0
zebra finch,NCM,136.0
zebra finch,NCM,92.0
zebra finch,NCM,830.0
zebra finch,NCM,80.0
zebra finch,NCM,68.0
zebra finch,NCM,230.0
zebra finch,NCM,389.0
zebra finch,NCM,62.0
zebra finch,NCM,122.0
zebra finch,NCM,71.0
zebra finch,NCM,54.0
zebra finch,CB,207.0
zebra finch,CB,1998.0
zebra finch,CB,563.0
zebra finch,CB,1453.0
zebra finch,CB,1560.0
zebra finch,CB,195.0
zebra finch,CB,73.0
zebra finch,CB,1600.0
zebra finch,CB,1688.0
zebra finch,CB,1143.0
zebra finch,CB,909.0
zebra finch,CB,3041.0
zebra finch,CB,1080.0
zebra finch,CB,148.0
zebra finch,CB,1105.0
zebra finch,CB,194.0
zebra finch,CB,275.0
zebra finch,CB,1188.0
zebra finch,CB,8342.0
zebra finch,CB,169.0
zebra finch,CB,188.0
zebra finch,CB,162.0
zebra finch,CB,1501.0
zebra finch,CB,1269.0
zebra finch,CB,150.0
zebra finch,CB,1623.0
zebra finch,CB,1358.0
zebra finch,CB,1484.0
zebra finch,CB,162.0
zebra finch,CB,1963.0
zebra finch,CB,1092.0
zebra finch,CB,203.0
zebra finch,CB,1000.0
zebra finch,CB,563.0
zebra finch,CB,795.0
zebra finch,CB,276.0
zebra finch,CB,62.0
zebra finch,CB,780.0
zebra finch,CB,2222.0
zebra finch,CB,566.0
zebra finch,CB,155.0
zebra finch,CB,1014.0
zebra finch,CB,155.0
zebra finch,CB,129.0
zebra finch,CB,159.0
zebra finch,CB,163.0
zebra finch,CB,368.0
zebra finch,CB,383.0
zebra finch,CB,182.0
zebra finch,CB,1383.0
zebra finch,CB,204.0
zebra finch,CB,1589.0
zebra finch,CB,176.0
zebra finch,CB,151.0
zebra finch,CB,263.0
zebra finch,CB,3210.0
zebra finch,CB,696.0
zebra finch,CB,426.0
zebra finch,CB,639.0
zebra finch,CB,3312.0
zebra finch,CB,789.0
zebra finch,CB,3448.0
zebra finch,CB,97.0
zebra finch,CB,111.0
zebra finch,CB,948.0
zebra finch,CB,448.0
zebra finch,CB,65.0
zebra finch,CB,118.0
zebra finch,CB,791.0
zebra finch,CB,56.0
zebra finch,CB,137.0
zebra finch,CB,2808.0
zebra finch,CB,782.0
zebra finch,CB,139.0
zebra finch,CB,3812.0
zebra finch,CB,172.0
zebra finch,CB,146.0
zebra finch,CB,1667.0
zebra finch,CB,147.0
zebra finch,CB,153.0
zebra finch,CB,409.0
zebra finch,CB,142.0
zebra finch,CB,997.0
zebra finch,CB,866.0
zebra finch,CB,209.0
zebra finch,CB,152.0
zebra finch,CB,55.0
zebra finch,CB,1719.0
zebra finch,CB,147.0
zebra finch,CB,124.0
zebra finch,CB,779.0
zebra finch,CB,1039.0
zebra finch,CB,4433.0
zebra finch,CB,714.0
zebra finch,CB,166.0
zebra finch,CB,857.0
zebra finch,CB,881.0
zebra finch,CB,1062.0
zebra finch,CB,126.0
zebra finch,CB,66.0
zebra finch,CB,421.0
zebra finch,CB,394.0
zebra finch,CB,271.0
zebra finch,CB,579.0
zebra finch,CB,940.0
zebra finch,CB,987.0
zebra finch,CB,2731.0
zebra finch,CB,1639.0
zebra finch,CB,5174.0
zebra finch,CB,3340.0
zebra finch,CB,2522.0
zebra finch,CB,632.0
zebra finch,CB,7307.0
zebra finch,CB,1613.0
zebra finch,CB,558.0
zebra finch,CB,1520.0
zebra finch,CB,4338.0
zebra finch,CB,930.0
zebra finch,CB,137.0
zebra finch,CB,7151.0
zebra finch,CB,79.0
zebra finch,CB,126.0
zebra finch,CB,118.0
zebra finch,CB,139.0
zebra finch,CB,1757.0
zebra finch,CB,1026.0
zebra finch,CB,137.0
zebra finch,CB,1341.0
zebra finch,CB,141.0
zebra finch,CB,61.0
zebra finch,CB,708.0
zebra finch,CB,141.0
zebra finch,CB,1286.0
zebra finch,CB,923.0
zebra finch,CB,143.0
zebra finch,CB,1454.0
zebra finch,CB,2257.0
zebra finch,CB,97.0
zebra finch,CB,138.0
zebra finch,CB,71.0
zebra finch,CB,175.0
zebra finch,CB,136.0
zebra finch,CB,5201.0
zebra finch,CB,139.0
zebra finch,CB,5433.0
zebra finch,CB,3371.0
zebra finch,CB,799.0
zebra finch,CB,101.0
zebra finch,CB,51.0
zebra finch,CB,4421.0
zebra finch,CB,5409.0
zebra finch,CB,127.0
zebra finch,CB,2765.0
zebra finch,CB,618.0
zebra finch,CB,1051.0
zebra finch,CB,211.0
zebra finch,CB,532.0
zebra finch,CB,71.0
zebra finch,CB,162.0
zebra finch,CB,1073.0
zebra finch,CB,2355.0
zebra finch,CB,1574.0
zebra finch,CB,381.0
zebra finch,CB,973.0
zebra finch,CB,872.0
zebra finch,CB,2978.0
zebra finch,CB,1358.0
zebra finch,CB,313.0
zebra finch,CB,932.0
zebra finch,CB,163.0
zebra finch,CB,178.0
zebra finch,CB,164.0
zebra finch,CB,155.0
zebra finch,CB,170.0
zebra finch,CB,154.0
zebra finch,CB,103.0
zebra finch,CB,152.0
zebra finch,CB,154.0
zebra finch,CB,158.0
zebra finch,CB,1212.0
zebra finch,CB,1957.0
zebra finch,CB,155.0
zebra finch,CB,149.0
zebra finch,CB,919.0
zebra finch,CB,168.0
zebra finch,CB,217.0
zebra finch,CB,130.0
zebra finch,CB,3734.0
zebra finch,CB,94.0
zebra finch,CB,251.0
zebra finch,CB,82.0
zebra finch,CB,1520.0
zebra finch,CB,152.0
zebra finch,CB,190.0
zebra finch,CB,546.0
zebra finch,CB,65.0
zebra finch,CB,4830.0
zebra finch,CB,672.0
zebra finch,CB,2616.0
zebra finch,CB,744.0
zebra finch,CB,145.0
zebra finch,CB,4073.0
zebra finch,CB,62.0
zebra finch,CB,1352.0
zebra finch,CB,151.0
zebra finch,CB,156.0
zebra finch,CB,128.0
zebra finch,CB,138.0
zebra finch,CB,133.0
zebra finch,CB,155.0
zebra finch,CB,155.0
zebra finch,CB,136.0
zebra finch,CB,146.0
zebra finch,CB,1152.0
zebra finch,CB,144.0
zebra finch,CB,245.0
zebra finch,CB,148.0
zebra finch,CB,117.0
zebra finch,CB,143.0
zebra finch,CB,322.0
zebra finch,CB,439.0
zebra finch,CB,91.0
zebra finch,CB,326.0
zebra finch,CB,138.0
zebra finch,CB,220.0
zebra finch,CB,631.0
zebra finch,CB,545.0
zebra finch,CB,239.0
zebra finch,CB,232.0
zebra finch,CB,438.0
zebra finch,CB,138.0
zebra finch,CB,123.0
zebra finch,CB,159.0
zebra finch,CB,196.0
zebra finch,CB,91.0
zebra finch,CB,236.0
zebra finch,CB,950.0
zebra finch,CB,1022.0
zebra finch,CB,142.0
zebra finch,CB,140.0
zebra finch,CB,51.0
zebra finch,CB,85.0
zebra finch,CB,142.0
zebra finch,CB,121.0
zebra finch,CB,96.0
zebra finch,CB,306.0
zebra finch,CB,174.0
zebra finch,CB,945.0
zebra finch,CB,4679.0
zebra finch,CB,73.0
zebra finch,CB,1195.0
zebra finch,CB,1535.0
zebra finch,CB,939.0
zebra finch,CB,437.0
zebra finch,CB,81.0
zebra finch,CB,2797.0
zebra finch,CB,65.0
zebra finch,CB,64.0
zebra finch,CB,172.0
zebra finch,CB,139.0
zebra finch,CB,169.0
zebra finch,CB,159.0
zebra finch,CB,89.0
zebra finch,CB,53.0
zebra finch,CB,517.0
zebra finch,CB,67.0
zebra finch,CB,90.0
zebra finch,CB,156.0
zebra finch,CB,136.0
zebra finch,CB,295.0
zebra finch,CB,135.0
zebra finch,CB,439.0
zebra finch,CB,68.0
zebra finch,CB,1654.0
zebra finch,CB,1470.0
zebra finch,CB,126.0
zebra finch,CB,80.0
zebra finch,CB,618.0
zebra finch,CB,782.0
zebra finch,CB,69.0
zebra finch,CB,89.0
zebra finch,CB,58.0
zebra finch,CB,59.0
zebra finch,CB,394.0
zebra finch,CB,63.0
zebra finch,CB,106.0
zebra finch,CB,60.0
zebra finch,CB,591.0
zebra finch,CB,209.0
zebra finch,CB,98.0
zebra finch,CB,55.0
zebra finch,CB,104.0
zebra finch,CB,79.0
zebra finch,CB,123.0
zebra finch,CB,97.0
zebra finch,CB,66.0
zebra finch,CB,73.0
zebra finch,CB,368.0
zebra finch,CB,71.0
zebra finch,CB,111.0
zebra finch,CB,90.0
zebra finch,CB,169.0
zebra finch,CB,61.0
zebra finch,CB,71.0
zebra finch,CB,190.0
zebra finch,CB,105.0
zebra finch,CB,119.0
zebra finch,CB,60.0
zebra finch,CB,96.0
zebra finch,CB,331.0
zebra finch,CB,88.0
zebra finch,CB,55.0
zebra finch,CB,63.0
zebra finch,CB,95.0
zebra finch,CB,62.0
zebra finch,CB,57.0
zebra finch,CB,63.0
zebra finch,CB,98.0
zebra finch,CB,51.0
zebra finch,CB,418.0
zebra finch,CB,156.0
zebra finch,CB,138.0
zebra finch,CB,65.0
zebra finch,CB,58.0
zebra finch,CB,73.0
zebra finch,CB,64.0
zebra finch,CB,165.0
zebra finch,CB,256.0
zebra finch,CB,154.0
zebra finch,CB,138.0
zebra finch,CB,588.0
zebra finch,CB,135.0
zebra finch,CB,2223.0
zebra finch,CB,137.0
zebra finch,CB,93.0
zebra finch,CB,1086.0
zebra finch,CB,148.0
zebra finch,CB,359.0
zebra finch,CB,131.0
zebra finch,CB,2091.0
zebra finch,CB,603.0
zebra finch,CB,3005.0
zebra finch,CB,138.0
zebra finch,CB,132.0
zebra finch,CB,106.0
zebra finch,CB,81.0
zebra finch,CB,105.0
zebra finch,CB,151.0
zebra finch,CB,2974.0
zebra finch,CB,141.0
zebra finch,CB,918.0
zebra finch,CB,1142.0
zebra finch,CB,2433.0
zebra finch,CB,3121.0
zebra finch,CB,270.0
zebra finch,CB,156.0
zebra finch,CB,4416.0
zebra finch,CB,6569.0
zebra finch,CB,3736.0
zebra finch,CB,5582.0
zebra finch,CB,3350.0
zebra finch,CB,145.0
zebra finch,CB,257.0
zebra finch,CB,91.0
zebra finch,CB,1574.0
zebra finch,CB,494.0
zebra finch,CB,685.0
zebra finch,CB,288.0
zebra finch,CB,7092.0
zebra finch,CB,6007.0
zebra finch,CB,1423.0
zebra finch,CB,1147.0
zebra finch,CB,193.0
zebra finch,CB,198.0
zebra finch,CB,6858.0
zebra finch,CB,232.0
zebra finch,CB,97.0
zebra finch,CB,204.0
zebra finch,CB,1326.0
zebra finch,CB,229.0
zebra finch,CB,1666.0
zebra finch,CB,2127.0
zebra finch,CB,1280.0
zebra finch,CB,237.0
zebra finch,CB,220.0
zebra finch,CB,152.0
zebra finch,CB,240.0
zebra finch,CB,240.0
zebra finch,CB,204.0
zebra finch,CB,958.0
zebra finch,CB,1609.0
zebra finch,CB,995.0
zebra finch,CB,263.0
zebra finch,CB,1450.0
zebra finch,CB,177.0
zebra finch,CB,169.0
zebra finch,CB,294.0
zebra finch,CB,2294.0
zebra finch,CB,246.0
zebra finch,CB,251.0
zebra finch,CB,6594.0
zebra finch,CB,218.0
zebra finch,CB,399.0
zebra finch,CB,7272.0
zebra finch,CB,599.0
zebra finch,CB,220.0
zebra finch,CB,604.0
zebra finch,CB,100.0
zebra finch,CB,3360.0
zebra finch,CB,3015.0
zebra finch,CB,842.0
zebra finch,CB,605.0
zebra finch,CB,833.0
zebra finch,CB,444.0
zebra finch,CB,218.0
zebra finch,CB,2581.0
zebra finch,CB,72.0
zebra finch,CB,235.0
zebra finch,CB,223.0
zebra finch,CB,273.0
zebra finch,CB,1562.0
zebra finch,CB,204.0
zebra finch,CB,193.0
zebra finch,CB,202.0
zebra finch,CB,245.0
zebra finch,CB,234.0
zebra finch,CB,207.0
zebra finch,CB,175.0
zebra finch,CB,191.0
zebra finch,CB,186.0
zebra finch,CB,2351.0
zebra finch,CB,194.0
zebra finch,CB,441.0
zebra finch,CB,2075.0
zebra finch,CB,2305.0
zebra finch,CB,196.0
zebra finch,CB,3483.0
zebra finch,CB,9417.0
zebra finch,CB,6856.0
zebra finch,CB,97.0
zebra finch,CB,198.0
zebra finch,CB,1685.0
zebra finch,CB,197.0
zebra finch,CB,450.0
zebra finch,CB,2926.0
zebra finch,CB,99.0
zebra finch,CB,51.0
zebra finch,CB,3253.0
zebra finch,CB,73.0
zebra finch,CB,1375.0
zebra finch,CB,131.0
zebra finch,CB,3032.0
zebra finch,CB,79.0
zebra finch,CB,2551.0
zebra finch,CB,5379.0
zebra finch,CB,259.0
zebra finch,CB,97.0
zebra finch,CB,4262.0
zebra finch,CB,195.0
zebra finch,CB,3332.0
zebra finch,CB,524.0
zebra finch,CB,5839.0
zebra finch,CB,350.0
zebra finch,CB,66.0
zebra finch,CB,6740.0
zebra finch,CB,234.0
zebra finch,CB,196.0
zebra finch,CB,8144.0
zebra finch,CB,215.0
zebra finch,CB,2850.0
zebra finch,CB,1706.0
zebra finch,CB,203.0
zebra finch,CB,190.0
zebra finch,CB,218.0
zebra finch,CB,212.0
zebra finch,CB,204.0
zebra finch,CB,1435.0
zebra finch,CB,57.0
zebra finch,CB,139.0
zebra finch,CB,212.0
zebra finch,CB,175.0
zebra finch,CB,166.0
zebra finch,CB,1748.0
zebra finch,CB,208.0
zebra finch,CB,258.0
zebra finch,CB,216.0
zebra finch,CB,3622.0
zebra finch,CB,1871.0
zebra finch,CB,4704.0
zebra finch,CB,1765.0
zebra finch,CB,705.0
zebra finch,CB,863.0
zebra finch,CB,545.0
zebra finch,CB,1020.0
zebra finch,CB,503.0
zebra finch,CB,815.0
zebra finch,CB,2632.0
zebra finch,CB,331.0
zebra finch,CB,623.0
zebra finch,CB,1088.0
zebra finch,CB,703.0
zebra finch,CB,68.0
zebra finch,CB,1805.0
zebra finch,CB,414.0
zebra finch,CB,218.0
zebra finch,CB,163.0
zebra finch,CB,144.0
zebra finch,CB,128.0
zebra finch,CB,143.0
zebra finch,CB,134.0
zebra finch,CB,75.0
zebra finch,CB,134.0
zebra finch,CB,605.0
zebra finch,CB,552.0
zebra finch,CB,366.0
zebra finch,CB,157.0
zebra finch,CB,245.0
zebra finch,CB,195.0
zebra finch,CB,222.0
zebra finch,CB,173.0
zebra finch,CB,146.0
zebra finch,CB,229.0
zebra finch,CB,203.0
zebra finch,CB,204.0
zebra finch,CB,1040.0
zebra finch,CB,234.0
zebra finch,CB,1106.0
zebra finch,CB,4880.0
zebra finch,CB,93.0
zebra finch,CB,118.0
zebra finch,CB,871.0
zebra finch,CB,184.0
zebra finch,CB,190.0
zebra finch,CB,194.0
zebra finch,CB,194.0
zebra finch,CB,186.0
zebra finch,CB,186.0
zebra finch,CB,197.0
zebra finch,CB,917.0
zebra finch,CB,74.0
zebra finch,CB,447.0
zebra finch,CB,3436.0
zebra finch,CB,247.0
zebra finch,CB,137.0
zebra finch,CB,80.0
zebra finch,CB,228.0
zebra finch,CB,223.0
zebra finch,CB,249.0
zebra finch,CB,181.0
zebra finch,CB,204.0
zebra finch,CB,74.0
zebra finch,CB,159.0
zebra finch,CB,258.0
zebra finch,CB,206.0
zebra finch,CB,2057.0
zebra finch,CB,1294.0
zebra finch,CB,687.0
zebra finch,CB,1471.0
zebra finch,CB,271.0
zebra finch,CB,191.0
zebra finch,CB,142.0
zebra finch,CB,186.0
zebra finch,CB,89.0
zebra finch,CB,79.0
zebra finch,CB,66.0
zebra finch,CB,60.0
zebra finch,CB,52.0
zebra finch,CB,52.0
zebra finch,CB,58.0
zebra finch,CB,102.0
zebra finch,CB,139.0
zebra finch,CB,65.0
zebra finch,CB,65.0
zebra finch,CB,107.0
zebra finch,CB,83.0
zebra finch,CB,52.0
zebra finch,CB,64.0
zebra finch,CB,93.0
zebra finch,CB,108.0
zebra finch,CB,112.0
zebra finch,CB,85.0
zebra finch,CB,158.0
zebra finch,CB,68.0
zebra finch,CB,58.0
zebra finch,CB,64.0
zebra finch,wulst,295.0
zebra finch,wulst,348.0
zebra finch,wulst,193.0
zebra finch,wulst,160.0
zebra finch,wulst,58.0
zebra finch,wulst,242.0
zebra finch,wulst,214.0
zebra finch,wulst,1782.0
zebra finch,wulst,150.0
zebra finch,wulst,495.0
zebra finch,wulst,52.0
zebra finch,wulst,71.0
zebra finch,wulst,125.0
zebra finch,wulst,281.0
zebra finch,wulst,52.0
zebra finch,wulst,491.0
zebra finch,wulst,202.0
zebra finch,wulst,53.0
zebra finch,wulst,158.0
zebra finch,wulst,200.0
zebra finch,wulst,82.0
zebra finch,wulst,53.0
zebra finch,wulst,185.0
zebra finch,wulst,128.0
zebra finch,wulst,319.0
zebra finch,wulst,377.0
zebra finch,wulst,54.0
zebra finch,wulst,120.0
zebra finch,wulst,82.0
zebra finch,wulst,334.0
zebra finch,wulst,225.0
zebra finch,wulst,128.0
zebra finch,wulst,104.0
zebra finch,wulst,417.0
zebra finch,wulst,52.0
zebra finch,wulst,2639.0
zebra finch,wulst,911.0
zebra finch,wulst,138.0
zebra finch,wulst,215.0
zebra finch,wulst,400.0
zebra finch,wulst,312.0
zebra finch,wulst,82.0
zebra finch,wulst,117.0
zebra finch,wulst,343.0
zebra finch,wulst,557.0
zebra finch,wulst,521.0
zebra finch,wulst,289.0
zebra finch,wulst,361.0
zebra finch,wulst,267.0
zebra finch,wulst,65.0
zebra finch,wulst,85.0
zebra finch,wulst,70.0
zebra finch,wulst,189.0
zebra finch,wulst,286.0
zebra finch,wulst,469.0
zebra finch,wulst,157.0
zebra finch,wulst,102.0
zebra finch,wulst,80.0
zebra finch,wulst,188.0
zebra finch,wulst,132.0
zebra finch,wulst,2120.0
zebra finch,wulst,163.0
zebra finch,wulst,230.0
zebra finch,wulst,58.0
zebra finch,wulst,140.0
zebra finch,wulst,306.0
zebra finch,wulst,66.0
zebra finch,wulst,233.0
zebra finch,wulst,80.0
zebra finch,wulst,284.0
zebra finch,wulst,54.0
zebra finch,wulst,208.0
zebra finch,wulst,1898.0
zebra finch,wulst,647.0
zebra finch,wulst,208.0
zebra finch,wulst,707.0
zebra finch,wulst,3692.0
zebra finch,wulst,544.0
zebra finch,wulst,1890.0
zebra finch,wulst,334.0
zebra finch,wulst,341.0
zebra finch,wulst,119.0
zebra finch,wulst,110.0
zebra finch,wulst,125.0
zebra finch,wulst,403.0
zebra finch,wulst,408.0
zebra finch,wulst,413.0
zebra finch,wulst,218.0
zebra finch,wulst,2452.0
zebra finch,wulst,83.0
zebra finch,wulst,197.0
zebra finch,wulst,86.0
zebra finch,wulst,2295.0
zebra finch,wulst,342.0
zebra finch,wulst,397.0
zebra finch,wulst,791.0
zebra finch,wulst,238.0
zebra finch,wulst,105.0
zebra finch,wulst,80.0
zebra finch,wulst,449.0
zebra finch,wulst,84.0
zebra finch,wulst,494.0
zebra finch,wulst,1466.0
zebra finch,wulst,318.0
zebra finch,wulst,59.0
zebra finch,wulst,131.0
zebra finch,wulst,904.0
zebra finch,wulst,767.0
zebra finch,wulst,220.0
zebra finch,wulst,125.0
zebra finch,wulst,691.0
zebra finch,wulst,245.0
zebra finch,wulst,276.0
zebra finch,wulst,65.0
zebra finch,wulst,97.0
zebra finch,wulst,2037.0
zebra finch,wulst,78.0
zebra finch,wulst,239.0
zebra finch,wulst,94.0
zebra finch,wulst,83.0
zebra finch,wulst,93.0
zebra finch,wulst,92.0
zebra finch,wulst,56.0
zebra finch,wulst,113.0
zebra finch,wulst,3212.0
zebra finch,wulst,2804.0
zebra finch,wulst,79.0
zebra finch,wulst,2887.0
zebra finch,wulst,197.0
zebra finch,wulst,298.0
zebra finch,wulst,80.0
zebra finch,wulst,154.0
zebra finch,wulst,94.0
zebra finch,wulst,1239.0
zebra finch,wulst,80.0
zebra finch,wulst,185.0
zebra finch,wulst,62.0
zebra finch,wulst,3766.0
zebra finch,wulst,75.0
zebra finch,wulst,1523.0
zebra finch,wulst,73.0
zebra finch,wulst,564.0
zebra finch,wulst,156.0
zebra finch,wulst,252.0
zebra finch,wulst,149.0
zebra finch,wulst,97.0
zebra finch,wulst,519.0
zebra finch,wulst,139.0
zebra finch,wulst,87.0
zebra finch,wulst,123.0
zebra finch,wulst,631.0
zebra finch,wulst,501.0
zebra finch,wulst,246.0
zebra finch,wulst,157.0
zebra finch,wulst,53.0
zebra finch,wulst,163.0
zebra finch,wulst,213.0
zebra finch,wulst,248.0
zebra finch,wulst,58.0
zebra finch,wulst,81.0
zebra finch,wulst,132.0
zebra finch,wulst,90.0
zebra finch,wulst,140.0
zebra finch,wulst,67.0
zebra finch,wulst,2323.0
zebra finch,wulst,238.0
zebra finch,wulst,1464.0
zebra finch,wulst,86.0
zebra finch,wulst,73.0
zebra finch,wulst,110.0
zebra finch,wulst,151.0
zebra finch,wulst,79.0
zebra finch,wulst,119.0
zebra finch,wulst,84.0
zebra finch,wulst,74.0
zebra finch,wulst,67.0
zebra finch,wulst,182.0
zebra finch,wulst,61.0
zebra finch,wulst,217.0
zebra finch,wulst,900.0
zebra finch,wulst,92.0
zebra finch,wulst,77.0
zebra finch,wulst,121.0
zebra finch,wulst,337.0
zebra finch,wulst,250.0
zebra finch,wulst,1967.0
zebra finch,wulst,193.0
zebra finch,wulst,2091.0
zebra finch,wulst,230.0
zebra finch,wulst,211.0
zebra finch,wulst,55.0
zebra finch,wulst,701.0
zebra finch,wulst,159.0
zebra finch,wulst,119.0
zebra finch,wulst,172.0
zebra finch,wulst,263.0
zebra finch,wulst,464.0
zebra finch,wulst,151.0
zebra finch,wulst,71.0
zebra finch,wulst,2939.0
zebra finch,wulst,238.0
zebra finch,wulst,83.0
zebra finch,wulst,51.0
zebra finch,wulst,59.0
zebra finch,wulst,118.0
zebra finch,wulst,108.0
zebra finch,wulst,53.0
zebra finch,wulst,138.0
zebra finch,wulst,52.0
zebra finch,wulst,61.0
zebra finch,wulst,90.0
zebra finch,wulst,199.0
zebra finch,wulst,64.0
zebra finch,wulst,142.0
zebra finch,wulst,131.0
zebra finch,wulst,100.0
zebra finch,wulst,159.0
zebra finch,wulst,137.0
zebra finch,wulst,190.0
zebra finch,wulst,708.0
zebra finch,wulst,155.0
zebra finch,wulst,215.0
zebra finch,wulst,202.0
zebra finch,wulst,186.0
zebra finch,wulst,52.0
zebra finch,wulst,63.0
zebra finch,wulst,64.0
zebra finch,wulst,207.0
zebra finch,wulst,94.0
zebra finch,wulst,78.0
zebra finch,wulst,60.0
zebra finch,wulst,60.0
zebra finch,wulst,229.0
zebra finch,wulst,54.0
zebra finch,wulst,299.0
zebra finch,wulst,150.0
zebra finch,wulst,80.0
zebra finch,wulst,600.0
zebra finch,wulst,102.0
zebra finch,wulst,73.0
zebra finch,wulst,440.0
zebra finch,wulst,51.0
zebra finch,wulst,187.0
zebra finch,wulst,58.0
zebra finch,wulst,433.0
zebra finch,wulst,52.0
zebra finch,wulst,72.0
zebra finch,wulst,74.0
zebra finch,wulst,292.0
zebra finch,wulst,69.0
zebra finch,wulst,368.0
zebra finch,wulst,309.0
zebra finch,wulst,119.0
zebra finch,wulst,102.0
zebra finch,wulst,289.0
zebra finch,wulst,195.0
zebra finch,wulst,67.0
zebra finch,wulst,283.0
zebra finch,wulst,122.0
zebra finch,wulst,384.0
zebra finch,wulst,84.0
zebra finch,wulst,66.0
zebra finch,wulst,232.0
zebra finch,wulst,297.0
zebra finch,wulst,62.0
zebra finch,wulst,169.0
zebra finch,wulst,199.0
zebra finch,wulst,52.0
zebra finch,wulst,147.0
zebra finch,wulst,272.0
zebra finch,wulst,88.0
zebra finch,wulst,134.0
zebra finch,wulst,1946.0
zebra finch,wulst,1237.0
zebra finch,wulst,149.0
zebra finch,wulst,229.0
zebra finch,wulst,71.0
zebra finch,wulst,131.0
zebra finch,wulst,70.0
zebra finch,wulst,1595.0
zebra finch,wulst,97.0
zebra finch,wulst,88.0
zebra finch,wulst,214.0
zebra finch,wulst,81.0
zebra finch,wulst,131.0
zebra finch,wulst,91.0
zebra finch,wulst,179.0
zebra finch,wulst,71.0
zebra finch,wulst,133.0
zebra finch,wulst,82.0
zebra finch,wulst,67.0
zebra finch,wulst,82.0
zebra finch,wulst,165.0
zebra finch,wulst,242.0
zebra finch,wulst,91.0
zebra finch,wulst,148.0
zebra finch,wulst,88.0
zebra finch,wulst,925.0
zebra finch,wulst,74.0
zebra finch,wulst,74.0
zebra finch,wulst,91.0
zebra finch,wulst,981.0
zebra finch,wulst,101.0
zebra finch,wulst,197.0
zebra finch,wulst,56.0
zebra finch,wulst,79.0
zebra finch,wulst,59.0
zebra finch,wulst,109.0
zebra finch,wulst,94.0
zebra finch,wulst,51.0
zebra finch,wulst,71.0
zebra finch,wulst,105.0
zebra finch,wulst,51.0
zebra finch,wulst,117.0
zebra finch,wulst,288.0
zebra finch,wulst,68.0
zebra finch,wulst,178.0
zebra finch,wulst,54.0
zebra finch,wulst,189.0
zebra finch,wulst,53.0
zebra finch,wulst,154.0
zebra finch,wulst,187.0
zebra finch,wulst,153.0
zebra finch,wulst,65.0
zebra finch,wulst,171.0
zebra finch,wulst,153.0
zebra finch,wulst,110.0
zebra finch,wulst,114.0
zebra finch,wulst,184.0
zebra finch,wulst,88.0
zebra finch,wulst,53.0
zebra finch,wulst,111.0
zebra finch,wulst,164.0
zebra finch,wulst,145.0
zebra finch,wulst,63.0
zebra finch,wulst,156.0
zebra finch,wulst,157.0
zebra finch,wulst,122.0
zebra finch,wulst,195.0
zebra finch,wulst,89.0
zebra finch,wulst,119.0
zebra finch,wulst,1353.0
zebra finch,wulst,63.0
zebra finch,wulst,61.0
zebra finch,wulst,143.0
zebra finch,wulst,253.0
zebra finch,wulst,136.0
zebra finch,wulst,111.0
zebra finch,wulst,108.0
zebra finch,wulst,433.0
zebra finch,wulst,68.0
zebra finch,wulst,169.0
zebra finch,wulst,159.0
zebra finch,wulst,101.0
zebra finch,wulst,126.0
zebra finch,wulst,74.0
zebra finch,wulst,148.0
zebra finch,wulst,53.0
zebra finch,wulst,157.0
zebra finch,wulst,128.0
zebra finch,wulst,80.0
zebra finch,wulst,86.0
zebra finch,wulst,96.0
zebra finch,wulst,53.0
zebra finch,wulst,136.0
zebra finch,wulst,110.0
zebra finch,wulst,121.0
zebra finch,wulst,1218.0
zebra finch,wulst,271.0
zebra finch,wulst,87.0
zebra finch,wulst,197.0
zebra finch,wulst,166.0
zebra finch,wulst,153.0
zebra finch,wulst,118.0
zebra finch,wulst,166.0
zebra finch,wulst,102.0
zebra finch,wulst,174.0
zebra finch,wulst,73.0
zebra finch,wulst,61.0
zebra finch,wulst,51.0
zebra finch,wulst,447.0
zebra finch,wulst,190.0
zebra finch,wulst,706.0
zebra finch,wulst,61.0
zebra finch,wulst,78.0
zebra finch,wulst,426.0
zebra finch,wulst,1304.0
zebra finch,wulst,3010.0
zebra finch,wulst,153.0
zebra finch,wulst,102.0
zebra finch,wulst,427.0
zebra finch,wulst,57.0
zebra finch,wulst,65.0
zebra finch,wulst,102.0
zebra finch,wulst,135.0
zebra finch,wulst,88.0
zebra finch,wulst,130.0
zebra finch,wulst,2679.0
zebra finch,wulst,65.0
zebra finch,wulst,58.0
zebra finch,wulst,191.0
zebra finch,wulst,162.0
zebra finch,wulst,96.0
zebra finch,wulst,117.0
zebra finch,wulst,61.0
zebra finch,wulst,73.0
zebra finch,wulst,796.0
zebra finch,wulst,88.0
zebra finch,wulst,65.0
zebra finch,wulst,97.0
zebra finch,wulst,207.0
zebra finch,wulst,262.0
zebra finch,wulst,77.0
zebra finch,wulst,64.0
zebra finch,wulst,308.0
zebra finch,wulst,86.0
zebra finch,wulst,244.0
zebra finch,wulst,53.0
zebra finch,wulst,94.0
zebra finch,wulst,113.0
zebra finch,wulst,94.0
zebra finch,wulst,830.0
zebra finch,wulst,51.0
zebra finch,wulst,128.0
zebra finch,wulst,110.0
zebra finch,wulst,55.0
zebra finch,wulst,181.0
zebra finch,wulst,147.0
zebra finch,wulst,119.0
zebra finch,wulst,171.0
zebra finch,wulst,85.0
zebra finch,wulst,432.0
zebra finch,wulst,57.0
zebra finch,wulst,80.0
zebra finch,wulst,71.0
zebra finch,wulst,145.0
zebra finch,wulst,58.0
zebra finch,wulst,143.0
zebra finch,wulst,83.0
zebra finch,wulst,99.0
zebra finch,wulst,263.0
zebra finch,wulst,239.0
zebra finch,wulst,58.0
zebra finch,wulst,144.0
zebra finch,wulst,121.0
zebra finch,wulst,187.0
zebra finch,wulst,286.0
zebra finch,wulst,191.0
zebra finch,wulst,168.0
zebra finch,wulst,55.0
zebra finch,wulst,110.0
zebra finch,wulst,233.0
zebra finch,wulst,107.0
zebra finch,wulst,162.0
zebra finch,wulst,173.0
zebra finch,wulst,67.0
zebra finch,wulst,124.0
zebra finch,wulst,493.0
zebra finch,wulst,137.0
zebra finch,wulst,62.0
zebra finch,wulst,92.0
zebra finch,wulst,370.0
zebra finch,wulst,2415.0
zebra finch,wulst,65.0
zebra finch,wulst,68.0
zebra finch,wulst,57.0
zebra finch,wulst,107.0
zebra finch,wulst,52.0
zebra finch,wulst,101.0
zebra finch,wulst,108.0
zebra finch,wulst,58.0
zebra finch,wulst,180.0
zebra finch,wulst,61.0
zebra finch,wulst,164.0
zebra finch,wulst,83.0
zebra finch,wulst,105.0
zebra finch,wulst,364.0
zebra finch,wulst,89.0
zebra finch,wulst,65.0
zebra finch,wulst,72.0
zebra finch,wulst,102.0
zebra finch,wulst,97.0
zebra finch,wulst,179.0
zebra finch,wulst,65.0
zebra finch,wulst,90.0
zebra finch,wulst,61.0
zebra finch,wulst,65.0
zebra finch,wulst,87.0
zebra finch,wulst,63.0
zebra finch,wulst,104.0
zebra finch,wulst,128.0
zebra finch,wulst,173.0
zebra finch,wulst,64.0
zebra finch,wulst,238.0
zebra finch,wulst,375.0
zebra finch,wulst,116.0
zebra finch,wulst,71.0
zebra finch,wulst,57.0
zebra finch,wulst,64.0
zebra finch,wulst,91.0
zebra finch,wulst,84.0
zebra finch,wulst,270.0
zebra finch,wulst,106.0
zebra finch,wulst,87.0
zebra finch,wulst,55.0
zebra finch,wulst,74.0
zebra finch,wulst,96.0
zebra finch,wulst,66.0
zebra finch,wulst,73.0
zebra finch,wulst,94.0
zebra finch,wulst,136.0
zebra finch,wulst,184.0
zebra finch,wulst,80.0
zebra finch,wulst,127.0
zebra finch,wulst,153.0
zebra finch,wulst,177.0
zebra finch,wulst,67.0
zebra finch,wulst,166.0
zebra finch,wulst,75.0
zebra finch,wulst,151.0
zebra finch,wulst,56.0
zebra finch,wulst,168.0
zebra finch,wulst,91.0
zebra finch,wulst,70.0
zebra finch,wulst,281.0
zebra finch,wulst,148.0
zebra finch,wulst,65.0
zebra finch,wulst,59.0
zebra finch,wulst,116.0
zebra finch,wulst,56.0
zebra finch,wulst,97.0
zebra finch,wulst,86.0
zebra finch,wulst,54.0
zebra finch,wulst,165.0
zebra finch,wulst,62.0
zebra finch,wulst,322.0
zebra finch,wulst,1681.0
zebra finch,wulst,161.0
zebra finch,wulst,67.0
zebra finch,wulst,97.0
zebra finch,wulst,79.0
zebra finch,wulst,296.0
zebra finch,wulst,133.0
zebra finch,wulst,62.0
zebra finch,wulst,257.0
zebra finch,wulst,71.0
zebra finch,wulst,61.0
zebra finch,wulst,58.0
zebra finch,wulst,58.0
zebra finch,wulst,318.0
zebra finch,wulst,124.0
zebra finch,wulst,271.0
zebra finch,wulst,90.0
zebra finch,wulst,103.0
zebra finch,wulst,51.0
zebra finch,wulst,51.0
zebra finch,wulst,79.0
zebra finch,wulst,68.0
zebra finch,wulst,80.0
zebra finch,wulst,61.0
zebra finch,wulst,68.0
zebra finch,wulst,57.0
zebra finch,wulst,155.0
zebra finch,wulst,586.0
zebra finch,wulst,114.0
zebra finch,wulst,420.0
zebra finch,wulst,132.0
zebra finch,wulst,54.0
zebra finch,wulst,98.0
zebra finch,wulst,57.0
zebra finch,wulst,218.0
zebra finch,wulst,55.0
zebra finch,wulst,80.0
zebra finch,wulst,85.0
zebra finch,wulst,112.0
zebra finch,wulst,115.0
zebra finch,wulst,123.0
zebra finch,wulst,55.0
zebra finch,wulst,170.0
zebra finch,wulst,133.0
zebra finch,wulst,276.0
zebra finch,wulst,298.0
zebra finch,wulst,86.0
zebra finch,wulst,136.0
zebra finch,wulst,135.0
zebra finch,wulst,377.0
zebra finch,wulst,87.0
zebra finch,wulst,398.0
zebra finch,wulst,53.0
zebra finch,wulst,250.0
zebra finch,wulst,157.0
zebra finch,wulst,85.0
zebra finch,wulst,56.0
zebra finch,wulst,53.0
zebra finch,wulst,56.0
zebra finch,wulst,88.0
zebra finch,wulst,63.0
zebra finch,wulst,87.0
zebra finch,wulst,56.0
zebra finch,wulst,328.0
zebra finch,wulst,93.0
zebra finch,wulst,112.0
zebra finch,wulst,93.0
zebra finch,wulst,64.0
zebra finch,wulst,51.0
zebra finch,wulst,60.0
zebra finch,wulst,509.0
zebra finch,wulst,53.0
zebra finch,wulst,166.0
zebra finch,wulst,239.0
zebra finch,wulst,189.0
zebra finch,wulst,85.0
zebra finch,wulst,109.0
zebra finch,wulst,72.0
zebra finch,wulst,66.0
zebra finch,wulst,94.0
zebra finch,wulst,77.0
zebra finch,wulst,78.0
zebra finch,wulst,52.0
zebra finch,wulst,63.0
zebra finch,wulst,82.0
zebra finch,wulst,138.0
zebra finch,wulst,118.0
zebra finch,wulst,58.0
zebra finch,wulst,474.0
zebra finch,wulst,815.0
zebra finch,wulst,401.0
zebra finch,wulst,129.0
zebra finch,wulst,83.0
zebra finch,wulst,78.0
zebra finch,wulst,144.0
zebra finch,wulst,286.0
zebra finch,wulst,58.0
zebra finch,wulst,96.0
zebra finch,wulst,106.0
zebra finch,wulst,124.0
zebra finch,wulst,58.0
zebra finch,wulst,52.0
zebra finch,wulst,76.0
zebra finch,wulst,329.0
zebra finch,wulst,283.0
zebra finch,wulst,65.0
zebra finch,wulst,118.0
zebra finch,wulst,90.0
zebra finch,wulst,74.0
zebra finch,wulst,185.0
zebra finch,wulst,76.0
zebra finch,wulst,149.0
zebra finch,wulst,65.0
zebra finch,wulst,155.0
zebra finch,wulst,77.0
zebra finch,wulst,449.0
zebra finch,wulst,51.0
zebra finch,wulst,139.0
zebra finch,wulst,94.0
zebra finch,wulst,112.0
zebra finch,wulst,65.0
zebra finch,wulst,94.0
zebra finch,wulst,81.0
zebra finch,wulst,654.0
zebra finch,wulst,55.0
zebra finch,wulst,72.0
zebra finch,wulst,100.0
zebra finch,wulst,59.0
zebra finch,wulst,119.0
zebra finch,wulst,151.0
zebra finch,wulst,108.0
zebra finch,wulst,176.0
zebra finch,wulst,394.0
zebra finch,wulst,87.0
zebra finch,wulst,63.0
zebra finch,wulst,91.0
zebra finch,wulst,56.0
Pigeon,pallium,1302.0
Pigeon,pallium,120.0
Pigeon,pallium,898.0
Pigeon,pallium,1662.0
Pigeon,pallium,2979.0
Pigeon,pallium,1251.0
Pigeon,pallium,804.0
Pigeon,pallium,1704.0
Pigeon,pallium,160.0
Pigeon,pallium,363.0
Pigeon,pallium,85.0
Pigeon,pallium,2818.0
Pigeon,pallium,1418.0
Pigeon,pallium,127.0
Pigeon,pallium,92.0
Pigeon,pallium,584.0
Pigeon,pallium,818.0
Pigeon,pallium,96.0
Pigeon,pallium,3277.0
Pigeon,pallium,74.0
Pigeon,pallium,57.0
Pigeon,pallium,914.0
Pigeon,pallium,292.0
Pigeon,pallium,68.0
Pigeon,pallium,1050.0
Pigeon,pallium,543.0
Pigeon,pallium,130.0
Pigeon,pallium,105.0
Pigeon,pallium,1695.0
Pigeon,pallium,102.0
Pigeon,pallium,488.0
Pigeon,pallium,91.0
Pigeon,pallium,91.0
Pigeon,pallium,184.0
Pigeon,pallium,641.0
Pigeon,pallium,99.0
Pigeon,pallium,103.0
Pigeon,pallium,76.0
Pigeon,pallium,115.0
Pigeon,pallium,56.0
Pigeon,pallium,128.0
Pigeon,pallium,205.0
Pigeon,pallium,546.0
Pigeon,pallium,95.0
Pigeon,pallium,107.0
Pigeon,pallium,73.0
Pigeon,pallium,90.0
Pigeon,pallium,134.0
Pigeon,pallium,102.0
Pigeon,pallium,1061.0
Pigeon,pallium,161.0
Pigeon,pallium,74.0
Pigeon,pallium,1948.0
Pigeon,pallium,219.0
Pigeon,pallium,51.0
Pigeon,pallium,137.0
Pigeon,pallium,620.0
Pigeon,pallium,1666.0
Pigeon,pallium,386.0
Pigeon,pallium,194.0
Pigeon,pallium,1404.0
Pigeon,pallium,55.0
Pigeon,pallium,104.0
Pigeon,pallium,52.0
Pigeon,pallium,954.0
Pigeon,pallium,96.0
Pigeon,pallium,850.0
Pigeon,pallium,70.0
Pigeon,pallium,51.0
Pigeon,pallium,133.0
Pigeon,pallium,559.0
Pigeon,pallium,328.0
Pigeon,pallium,77.0
Pigeon,pallium,577.0
Pigeon,pallium,385.0
Pigeon,pallium,90.0
Pigeon,pallium,484.0
Pigeon,pallium,151.0
Pigeon,pallium,575.0
Pigeon,pallium,429.0
Pigeon,pallium,88.0
Pigeon,pallium,1685.0
Pigeon,pallium,98.0
Pigeon,pallium,1366.0
Pigeon,pallium,76.0
Pigeon,pallium,199.0
Pigeon,pallium,467.0
Pigeon,pallium,51.0
Pigeon,pallium,172.0
Pigeon,pallium,283.0
Pigeon,pallium,138.0
Pigeon,pallium,559.0
Pigeon,pallium,124.0
Pigeon,pallium,54.0
Pigeon,pallium,229.0
Pigeon,pallium,92.0
Pigeon,pallium,52.0
Pigeon,pallium,81.0
Pigeon,pallium,831.0
Pigeon,pallium,52.0
Pigeon,pallium,324.0
Pigeon,pallium,150.0
Pigeon,pallium,220.0
Pigeon,pallium,226.0
Pigeon,pallium,126.0
Pigeon,pallium,217.0
Pigeon,pallium,281.0
Pigeon,pallium,92.0
Pigeon,pallium,393.0
Pigeon,pallium,153.0
Pigeon,pallium,100.0
Pigeon,pallium,812.0
Pigeon,pallium,59.0
Pigeon,pallium,272.0
Pigeon,pallium,207.0
Pigeon,pallium,57.0
Pigeon,pallium,698.0
Pigeon,pallium,447.0
Pigeon,pallium,584.0
Pigeon,pallium,57.0
Pigeon,pallium,357.0
Pigeon,pallium,285.0
Pigeon,pallium,301.0
Pigeon,pallium,201.0
Pigeon,pallium,51.0
Pigeon,pallium,445.0
Pigeon,pallium,140.0
Pigeon,pallium,673.0
Pigeon,pallium,199.0
Pigeon,pallium,251.0
Pigeon,pallium,85.0
Pigeon,pallium,69.0
Pigeon,pallium,77.0
Pigeon,pallium,230.0
Pigeon,pallium,156.0
Pigeon,pallium,51.0
Pigeon,pallium,64.0
Pigeon,pallium,1135.0
Pigeon,pallium,730.0
Pigeon,pallium,228.0
Pigeon,pallium,158.0
Pigeon,pallium,630.0
Pigeon,pallium,107.0
Pigeon,pallium,692.0
Pigeon,pallium,234.0
Pigeon,pallium,290.0
Pigeon,pallium,54.0
Pigeon,pallium,329.0
Pigeon,pallium,180.0
Pigeon,pallium,701.0
Pigeon,pallium,52.0
Pigeon,pallium,330.0
Pigeon,pallium,839.0
Pigeon,pallium,1590.0
Pigeon,pallium,276.0
Pigeon,pallium,661.0
Pigeon,pallium,425.0
Pigeon,pallium,51.0
Pigeon,pallium,58.0
Pigeon,pallium,133.0
Pigeon,pallium,304.0
Pigeon,pallium,64.0
Pigeon,pallium,90.0
Pigeon,pallium,158.0
Pigeon,pallium,77.0
Pigeon,pallium,738.0
Pigeon,pallium,60.0
Pigeon,pallium,61.0
Pigeon,pallium,147.0
Pigeon,pallium,168.0
Pigeon,pallium,163.0
Pigeon,pallium,64.0
Pigeon,pallium,55.0
Pigeon,pallium,99.0
Pigeon,pallium,117.0
Pigeon,pallium,288.0
Pigeon,pallium,110.0
Pigeon,pallium,69.0
Pigeon,pallium,309.0
Pigeon,pallium,172.0
Pigeon,pallium,61.0
Pigeon,pallium,251.0
Pigeon,pallium,169.0
Pigeon,pallium,165.0
Pigeon,pallium,155.0
Pigeon,pallium,145.0
Pigeon,pallium,155.0
Pigeon,pallium,92.0
Pigeon,pallium,103.0
Pigeon,pallium,165.0
Pigeon,pallium,252.0
Pigeon,pallium,198.0
Pigeon,pallium,80.0
Pigeon,pallium,228.0
Pigeon,pallium,182.0
Pigeon,pallium,192.0
Pigeon,pallium,98.0
Pigeon,pallium,70.0
Pigeon,pallium,115.0
Pigeon,pallium,130.0
Pigeon,pallium,67.0
Pigeon,pallium,69.0
Pigeon,pallium,73.0
Pigeon,pallium,100.0
Pigeon,pallium,52.0
Pigeon,pallium,75.0
Pigeon,pallium,86.0
Pigeon,pallium,83.0
Pigeon,pallium,62.0
Pigeon,pallium,55.0
Pigeon,pallium,75.0
Pigeon,pallium,55.0
Pigeon,pallium,207.0
Pigeon,pallium,62.0
Pigeon,pallium,72.0
Pigeon,pallium,83.0
Pigeon,pallium,136.0
Pigeon,pallium,132.0
Pigeon,pallium,188.0
Pigeon,pallium,76.0
Pigeon,pallium,176.0
Pigeon,pallium,69.0
Pigeon,pallium,262.0
Pigeon,pallium,246.0
Pigeon,pallium,122.0
Pigeon,pallium,94.0
Pigeon,pallium,152.0
Pigeon,pallium,455.0
Pigeon,pallium,57.0
Pigeon,pallium,67.0
Pigeon,pallium,65.0
Pigeon,pallium,76.0
Pigeon,pallium,91.0
Pigeon,pallium,58.0
Pigeon,pallium,136.0
Pigeon,pallium,139.0
Pigeon,pallium,98.0
Pigeon,pallium,95.0
Pigeon,pallium,337.0
Pigeon,pallium,204.0
Pigeon,pallium,90.0
Pigeon,pallium,100.0
Pigeon,pallium,143.0
Pigeon,pallium,109.0
Pigeon,pallium,128.0
Pigeon,pallium,99.0
Pigeon,pallium,177.0
Pigeon,pallium,51.0
Pigeon,pallium,84.0
Pigeon,pallium,90.0
Pigeon,pallium,78.0
Pigeon,pallium,107.0
Pigeon,pallium,115.0
Pigeon,pallium,53.0
Pigeon,CB,799.0
Pigeon,CB,356.0
Pigeon,CB,745.0
Pigeon,CB,105.0
Pigeon,CB,326.0
Pigeon,CB,99.0
Pigeon,CB,537.0
Pigeon,CB,347.0
Pigeon,CB,54.0
Pigeon,CB,94.0
Pigeon,CB,185.0
Pigeon,CB,103.0
Pigeon,CB,181.0
Pigeon,CB,941.0
Pigeon,CB,208.0
Pigeon,CB,2689.0
Pigeon,CB,83.0
Pigeon,CB,55.0
Pigeon,CB,101.0
Pigeon,CB,69.0
Pigeon,CB,319.0
Pigeon,CB,620.0
Pigeon,CB,88.0
Pigeon,CB,144.0
Pigeon,CB,221.0
Pigeon,CB,90.0
Pigeon,CB,246.0
Pigeon,CB,82.0
Pigeon,CB,756.0
Pigeon,CB,610.0
Pigeon,CB,337.0
Pigeon,CB,320.0
Pigeon,CB,76.0
Pigeon,CB,232.0
Pigeon,CB,75.0
Pigeon,CB,772.0
Pigeon,CB,334.0
Pigeon,CB,81.0
Pigeon,CB,107.0
Pigeon,CB,70.0
Pigeon,CB,386.0
Pigeon,CB,83.0
Pigeon,CB,87.0
Pigeon,CB,259.0
Pigeon,CB,698.0
Pigeon,CB,92.0
Pigeon,CB,549.0
Pigeon,CB,159.0
Pigeon,CB,225.0
Pigeon,CB,137.0
Pigeon,CB,635.0
Pigeon,CB,159.0
Pigeon,CB,250.0
Pigeon,CB,161.0
Pigeon,CB,85.0
Pigeon,CB,177.0
Pigeon,CB,93.0
Pigeon,CB,57.0
Pigeon,CB,305.0
Pigeon,CB,59.0
Pigeon,CB,483.0
Pigeon,CB,338.0
Pigeon,CB,51.0
Pigeon,CB,67.0
Pigeon,CB,71.0
Pigeon,CB,131.0
Pigeon,CB,90.0
Pigeon,CB,549.0
Pigeon,CB,72.0
Pigeon,CB,1089.0
Pigeon,CB,95.0
Pigeon,CB,674.0
Pigeon,CB,159.0
Pigeon,CB,51.0
Pigeon,CB,71.0
Pigeon,CB,90.0
Pigeon,CB,79.0
Pigeon,CB,116.0
Pigeon,CB,652.0
Pigeon,CB,205.0
Pigeon,CB,100.0
Pigeon,CB,253.0
Pigeon,CB,167.0
Pigeon,CB,54.0
Pigeon,CB,175.0
Pigeon,CB,308.0
Pigeon,CB,52.0
Pigeon,CB,149.0
Pigeon,CB,77.0
Pigeon,CB,122.0
Pigeon,CB,127.0
Pigeon,CB,415.0
Pigeon,CB,59.0
Pigeon,CB,2054.0
Pigeon,CB,71.0
Pigeon,CB,2265.0
Pigeon,CB,1012.0
Pigeon,CB,1904.0
Pigeon,CB,148.0
Pigeon,CB,715.0
Pigeon,CB,1372.0
Pigeon,CB,55.0
Pigeon,CB,412.0
Pigeon,CB,3356.0
Pigeon,CB,73.0
Pigeon,CB,689.0
Pigeon,CB,128.0
Pigeon,CB,162.0
Pigeon,CB,1000.0
Pigeon,CB,2266.0
Pigeon,CB,1798.0
Pigeon,CB,63.0
Pigeon,CB,1532.0
Pigeon,CB,352.0
Pigeon,CB,569.0
Pigeon,CB,2686.0
Pigeon,CB,1207.0
Pigeon,CB,599.0
Pigeon,CB,1805.0
Pigeon,CB,69.0
Pigeon,CB,716.0
Pigeon,CB,678.0
Pigeon,CB,624.0
Pigeon,CB,313.0
Pigeon,CB,112.0
Pigeon,CB,529.0
Pigeon,CB,720.0
Pigeon,CB,81.0
Pigeon,CB,163.0
Pigeon,CB,948.0
Pigeon,CB,160.0
Pigeon,CB,235.0
Pigeon,CB,76.0
Pigeon,CB,296.0
Pigeon,CB,188.0
Pigeon,CB,137.0
Pigeon,CB,474.0
Pigeon,CB,87.0
Pigeon,CB,413.0
Pigeon,CB,457.0
Pigeon,CB,185.0
Pigeon,CB,398.0
Pigeon,CB,59.0
Pigeon,CB,279.0
Pigeon,CB,431.0
Pigeon,CB,78.0
Pigeon,CB,97.0
Pigeon,CB,55.0
Pigeon,CB,64.0
Pigeon,CB,129.0
Pigeon,CB,594.0
Pigeon,CB,85.0
Pigeon,CB,1249.0
Pigeon,CB,503.0
Pigeon,CB,119.0
Pigeon,CB,265.0
Pigeon,CB,102.0
Pigeon,CB,92.0
Pigeon,CB,61.0
Pigeon,CB,97.0
Pigeon,CB,68.0
Pigeon,CB,147.0
Pigeon,CB,251.0
Pigeon,CB,59.0
Pigeon,CB,98.0
Pigeon,CB,57.0
Pigeon,CB,70.0
Pigeon,CB,52.0
Pigeon,CB,70.0
Pigeon,CB,411.0
Pigeon,CB,54.0
Pigeon,CB,90.0
Pigeon,CB,67.0
Pigeon,CB,58.0
Pigeon,CB,100.0
Pigeon,CB,138.0
Pigeon,CB,83.0
Pigeon,CB,201.0
Pigeon,CB,259.0
Pigeon,CB,71.0
Pigeon,CB,64.0
Pigeon,CB,240.0
Pigeon,CB,128.0
Pigeon,CB,118.0
Pigeon,CB,80.0
Pigeon,CB,117.0
Pigeon,CB,468.0
Pigeon,CB,70.0
Pigeon,CB,139.0
Pigeon,CB,89.0
Pigeon,CB,143.0
Pigeon,CB,117.0
Pigeon,CB,166.0
Pigeon,CB,101.0
Pigeon,CB,783.0
Pigeon,CB,71.0
Pigeon,CB,509.0
Pigeon,CB,62.0
Pigeon,CB,57.0
Pigeon,CB,117.0
Pigeon,CB,72.0
Pigeon,CB,52.0
Pigeon,CB,182.0
Pigeon,CB,73.0
Pigeon,CB,112.0
Pigeon,CB,76.0
Pigeon,CB,89.0
Pigeon,CB,64.0
Pigeon,CB,151.0
Pigeon,CB,60.0
Pigeon,CB,770.0
Pigeon,CB,75.0
Pigeon,CB,62.0
Pigeon,CB,72.0
Pigeon,CB,356.0
Pigeon,CB,56.0
Pigeon,CB,65.0
Pigeon,CB,84.0
Pigeon,CB,64.0
Pigeon,CB,162.0
Pigeon,CB,72.0
Pigeon,CB,102.0
Pigeon,CB,66.0
Pigeon,CB,103.0
Pigeon,CB,58.0
Pigeon,CB,99.0
Pigeon,CB,56.0
Pigeon,CB,67.0
Pigeon,CB,67.0
Pigeon,CB,54.0
Pigeon,CB,90.0
Pigeon,CB,66.0
Pigeon,CB,63.0
Pigeon,CB,62.0
Pigeon,CB,52.0
Pigeon,CB,52.0
Pigeon,CB,56.0
Pigeon,CB,98.0
Pigeon,CB,64.0
Pigeon,CB,55.0
Pigeon,CB,74.0
Pigeon,CB,88.0
Pigeon,CB,73.0
Pigeon,CB,69.0
Pigeon,CB,58.0
Pigeon,CB,54.0
Pigeon,CB,71.0
Pigeon,CB,51.0
Pigeon,CB,58.0
Pigeon,CB,58.0
Pigeon,CB,54.0
Pigeon,CB,170.0
Pigeon,CB,63.0
Pigeon,CB,64.0
Pigeon,CB,84.0
Pigeon,CB,88.0
Pigeon,CB,72.0
Pigeon,CB,64.0
Pigeon,CB,58.0
Pigeon,CB,56.0
Pigeon,CB,51.0
Pigeon,CB,83.0
Pigeon,CB,51.0
Pigeon,CB,53.0
Pigeon,CB,57.0
Pigeon,CB,67.0
Pigeon,CB,100.0
Pigeon,CB,51.0
Pigeon,CB,67.0
Pigeon,CB,59.0
Pigeon,CB,55.0
Pigeon,CB,60.0
Pigeon,CB,67.0
Pigeon,CB,168.0
Pigeon,CB,181.0
Pigeon,CB,280.0
Pigeon,CB,488.0
Pigeon,CB,440.0
Pigeon,CB,252.0
Pigeon,CB,265.0
Pigeon,CB,235.0
Pigeon,CB,284.0
Pigeon,CB,281.0
Pigeon,CB,242.0
Pigeon,CB,240.0
Pigeon,CB,330.0
Pigeon,CB,246.0
Pigeon,CB,737.0
Pigeon,CB,555.0
Pigeon,CB,133.0
Pigeon,CB,269.0
Pigeon,CB,211.0
Pigeon,CB,206.0
Pigeon,CB,195.0
Pigeon,CB,62.0
Pigeon,CB,213.0
Pigeon,CB,138.0
Pigeon,CB,376.0
Pigeon,CB,163.0
Pigeon,CB,296.0
Pigeon,CB,279.0
Pigeon,CB,471.0
Pigeon,CB,495.0
Pigeon,CB,273.0
Pigeon,CB,191.0
Pigeon,CB,109.0
Pigeon,CB,62.0
Pigeon,CB,70.0
Pigeon,CB,340.0
Pigeon,CB,221.0
Pigeon,CB,75.0
Pigeon,CB,97.0
Pigeon,CB,430.0
Pigeon,CB,104.0
Pigeon,CB,260.0
Pigeon,CB,1811.0
Pigeon,CB,57.0
Pigeon,CB,71.0
Pigeon,CB,90.0
Pigeon,CB,166.0
Pigeon,CB,69.0
Pigeon,CB,179.0
Pigeon,CB,89.0
Pigeon,CB,64.0
Pigeon,CB,90.0
Pigeon,CB,64.0
Pigeon,CB,55.0
Pigeon,CB,68.0
Pigeon,CB,70.0
Pigeon,CB,463.0
Pigeon,CB,54.0
Pigeon,CB,140.0
Pigeon,CB,70.0
Pigeon,CB,259.0
Pigeon,CB,64.0
Pigeon,CB,78.0
Pigeon,CB,152.0
Pigeon,CB,102.0
Pigeon,CB,75.0
Pigeon,CB,91.0
Pigeon,CB,99.0
Pigeon,CB,2198.0
Pigeon,CB,162.0
Pigeon,CB,67.0
Pigeon,CB,114.0
Pigeon,CB,106.0
Pigeon,CB,55.0
Pigeon,CB,82.0
Pigeon,CB,114.0
Pigeon,CB,720.0
Pigeon,CB,819.0
Pigeon,CB,448.0
Pigeon,CB,71.0
Pigeon,CB,67.0
Pigeon,CB,146.0
Pigeon,CB,156.0
Pigeon,CB,146.0
Pigeon,CB,515.0
Pigeon,CB,118.0
Pigeon,CB,110.0
Pigeon,CB,213.0
Pigeon,CB,81.0
Pigeon,CB,716.0
Pigeon,CB,85.0
Pigeon,CB,142.0
Pigeon,CB,123.0
Pigeon,CB,922.0
Pigeon,CB,81.0
Pigeon,CB,372.0
Pigeon,CB,98.0
Pigeon,CB,86.0
Pigeon,CB,1137.0
Pigeon,CB,589.0
Pigeon,CB,562.0
Pigeon,CB,114.0
Pigeon,CB,52.0
Pigeon,CB,1239.0
Pigeon,CB,791.0
Pigeon,CB,1825.0
Pigeon,CB,51.0
Pigeon,CB,962.0
Pigeon,CB,144.0
Pigeon,CB,407.0
Pigeon,CB,428.0
Pigeon,CB,219.0
Pigeon,CB,52.0
Pigeon,CB,149.0
Pigeon,CB,175.0
Pigeon,CB,642.0
Pigeon,CB,215.0
Pigeon,CB,87.0
Pigeon,CB,177.0
Pigeon,CB,86.0
Pigeon,CB,184.0
Pigeon,CB,120.0
Pigeon,CB,247.0
Pigeon,CB,357.0
Pigeon,CB,82.0
Pigeon,CB,384.0
Pigeon,CB,111.0
Pigeon,CB,121.0
Pigeon,CB,208.0
Pigeon,CB,313.0
Pigeon,CB,1040.0
Pigeon,CB,55.0
Pigeon,CB,246.0
Pigeon,CB,55.0
Pigeon,CB,66.0
Pigeon,CB,75.0
Pigeon,CB,579.0
Pigeon,CB,603.0
Pigeon,CB,285.0
Pigeon,CB,151.0
Pigeon,CB,91.0
Pigeon,CB,64.0
Pigeon,CB,156.0
Pigeon,CB,64.0
Pigeon,CB,75.0
Pigeon,CB,63.0
Pigeon,CB,233.0
Pigeon,CB,147.0
Pigeon,CB,117.0
Pigeon,CB,100.0
Pigeon,CB,291.0
Pigeon,CB,67.0
Pigeon,CB,56.0
Pigeon,CB,871.0
Pigeon,CB,151.0
Pigeon,CB,80.0
Pigeon,CB,707.0
Pigeon,CB,53.0
Pigeon,CB,98.0
Pigeon,CB,521.0
Pigeon,CB,324.0
Pigeon,CB,213.0
Pigeon,CB,239.0
Pigeon,CB,168.0
Pigeon,CB,85.0
Pigeon,CB,58.0
Pigeon,CB,59.0
Pigeon,CB,69.0
Pigeon,CB,86.0
Pigeon,CB,53.0
Pigeon,CB,73.0
Pigeon,CB,76.0
Pigeon,CB,62.0
Pigeon,CB,65.0
Pigeon,CB,54.0
Pigeon,CB,58.0
Pigeon,CB,96.0
Pigeon,CB,56.0
Pigeon,CB,55.0
Pigeon,CB,63.0
Pigeon,CB,60.0
Pigeon,CB,54.0
Pigeon,CB,81.0
Pigeon,CB,74.0
Pigeon,CB,69.0
Pigeon,CB,61.0
Pigeon,CB,65.0
Pigeon,CB,57.0
Pigeon,CB,79.0
Pigeon,CB,85.0
Pigeon,CB,75.0
Pigeon,CB,69.0
Pigeon,CB,126.0
Pigeon,CB,72.0
Pigeon,CB,55.0
Pigeon,CB,53.0
Pigeon,CB,155.0
Pigeon,CB,204.0
Pigeon,CB,169.0
Pigeon,CB,110.0
Pigeon,CB,98.0
Pigeon,CB,56.0
Pigeon,CB,639.0
Pigeon,CB,67.0
Pigeon,CB,66.0
Pigeon,CB,115.0
Pigeon,CB,64.0
Pigeon,CB,52.0
Pigeon,CB,51.0
Pigeon,CB,66.0
Pigeon,CB,71.0
Pigeon,CB,240.0
Pigeon,CB,56.0
Pigeon,CB,61.0
Pigeon,CB,85.0
Pigeon,CB,63.0
Pigeon,CB,59.0
Pigeon,CB,59.0
Pigeon,CB,54.0
Pigeon,CB,56.0
Pigeon,CB,120.0
Pigeon,CB,54.0
Pigeon,CB,56.0
Pigeon,CB,53.0
Pigeon,CB,61.0
Pigeon,CB,61.0
Pigeon,CB,87.0
Pigeon,CB,52.0
Pigeon,CB,85.0
Pigeon,CB,52.0
Pigeon,CB,56.0
Pigeon,CB,57.0
Pigeon,CB,58.0
Pigeon,CB,51.0
Pigeon,CB,73.0
Pigeon,CB,73.0
Pigeon,CB,168.0
Pigeon,CB,59.0
Pigeon,CB,189.0
Pigeon,CB,59.0
Pigeon,CB,55.0
Pigeon,CB,53.0
Pigeon,CB,83.0
Pigeon,CB,59.0
Pigeon,CB,64.0
Pigeon,CB,66.0
Pigeon,CB,51.0
Pigeon,CB,56.0
Pigeon,CB,52.0
Pigeon,CB,59.0
Pigeon,CB,52.0
Pigeon,CB,70.0
Pigeon,HP,241.0
Pigeon,HP,379.0
Pigeon,HP,381.0
Pigeon,HP,309.0
Pigeon,HP,243.0
Pigeon,HP,82.0
Pigeon,HP,618.0
Pigeon,HP,337.0
Pigeon,HP,71.0
Pigeon,HP,122.0
Pigeon,HP,79.0
Pigeon,HP,180.0
Pigeon,HP,250.0
Pigeon,HP,152.0
Pigeon,HP,204.0
Pigeon,HP,228.0
Pigeon,HP,79.0
Pigeon,HP,591.0
Pigeon,HP,345.0
Pigeon,HP,131.0
Pigeon,HP,372.0
Pigeon,HP,2717.0
Pigeon,HP,95.0
Pigeon,HP,366.0
Pigeon,HP,569.0
Pigeon,HP,135.0
Pigeon,HP,55.0
Pigeon,HP,211.0
Pigeon,HP,156.0
Pigeon,HP,387.0
Pigeon,HP,124.0
Pigeon,HP,105.0
Pigeon,HP,361.0
Pigeon,HP,327.0
Pigeon,HP,52.0
Pigeon,HP,312.0
Pigeon,HP,56.0
Pigeon,HP,230.0
Pigeon,HP,68.0
Pigeon,HP,199.0
Pigeon,HP,434.0
Pigeon,HP,61.0
Pigeon,HP,153.0
Pigeon,HP,399.0
Pigeon,HP,1089.0
Pigeon,HP,54.0
Pigeon,HP,340.0
Pigeon,HP,210.0
Pigeon,HP,281.0
Pigeon,HP,74.0
Pigeon,HP,599.0
Pigeon,HP,394.0
Pigeon,HP,174.0
Pigeon,HP,88.0
Pigeon,HP,145.0
Pigeon,HP,285.0
Pigeon,HP,850.0
Pigeon,HP,160.0
Pigeon,HP,162.0
Pigeon,HP,104.0
Pigeon,HP,414.0
Pigeon,HP,507.0
Pigeon,HP,258.0
Pigeon,HP,71.0
Pigeon,HP,447.0
Pigeon,HP,437.0
Pigeon,HP,150.0
Pigeon,HP,361.0
Pigeon,HP,387.0
Pigeon,HP,98.0
Pigeon,HP,534.0
Pigeon,HP,188.0
Pigeon,HP,184.0
Pigeon,HP,99.0
Pigeon,HP,1787.0
Pigeon,HP,231.0
Pigeon,HP,301.0
Pigeon,HP,273.0
Pigeon,HP,103.0
Pigeon,HP,78.0
Pigeon,HP,1013.0
Pigeon,HP,554.0
Pigeon,HP,296.0
Pigeon,HP,232.0
Pigeon,HP,66.0
Pigeon,HP,328.0
Pigeon,HP,119.0
Pigeon,HP,66.0
Pigeon,HP,493.0
Pigeon,HP,563.0
Pigeon,HP,297.0
Pigeon,HP,58.0
Pigeon,HP,91.0
Pigeon,HP,293.0
Pigeon,HP,80.0
Pigeon,HP,299.0
Pigeon,HP,79.0
Pigeon,HP,883.0
Pigeon,HP,81.0
Pigeon,HP,159.0
Pigeon,HP,206.0
Pigeon,HP,60.0
Pigeon,HP,213.0
Pigeon,HP,114.0
Pigeon,HP,163.0
Pigeon,HP,280.0
Pigeon,HP,312.0
Pigeon,HP,83.0
Pigeon,HP,60.0
Pigeon,HP,630.0
Pigeon,HP,373.0
Pigeon,HP,865.0
Pigeon,HP,2087.0
Pigeon,HP,54.0
Pigeon,HP,51.0
Pigeon,HP,97.0
Pigeon,HP,197.0
Pigeon,HP,129.0
Pigeon,HP,131.0
Pigeon,HP,266.0
Pigeon,HP,72.0
Pigeon,HP,263.0
Pigeon,HP,64.0
Pigeon,HP,78.0
Pigeon,HP,140.0
Pigeon,HP,198.0
Pigeon,HP,98.0
Pigeon,HP,149.0
Pigeon,HP,2989.0
Pigeon,HP,83.0
Pigeon,HP,181.0
Pigeon,HP,189.0
Pigeon,HP,167.0
Pigeon,HP,155.0
Pigeon,HP,58.0
Pigeon,HP,88.0
Pigeon,HP,67.0
Pigeon,HP,74.0
Pigeon,HP,174.0
Pigeon,HP,243.0
Pigeon,HP,377.0
Pigeon,HP,1588.0
Pigeon,HP,962.0
Pigeon,HP,177.0
Pigeon,HP,57.0
Pigeon,HP,720.0
Pigeon,HP,272.0
Pigeon,HP,96.0
Pigeon,HP,306.0
Pigeon,HP,149.0
Pigeon,HP,320.0
Pigeon,HP,80.0
Pigeon,HP,113.0
Pigeon,HP,710.0
Pigeon,HP,67.0
Pigeon,HP,170.0
Pigeon,HP,170.0
Pigeon,HP,514.0
Pigeon,HP,970.0
Pigeon,HP,75.0
Pigeon,HP,189.0
Pigeon,HP,125.0
Pigeon,HP,165.0
Pigeon,HP,264.0
Pigeon,HP,78.0
Pigeon,HP,110.0
Pigeon,HP,65.0
Pigeon,HP,221.0
Pigeon,HP,266.0
Pigeon,HP,67.0
Pigeon,HP,155.0
Pigeon,HP,402.0
Pigeon,HP,169.0
Pigeon,HP,69.0
Pigeon,HP,54.0
Pigeon,HP,114.0
Pigeon,HP,85.0
Pigeon,HP,99.0
Pigeon,HP,141.0
Pigeon,HP,58.0
Pigeon,HP,102.0
Pigeon,HP,303.0
Pigeon,HP,71.0
Pigeon,HP,78.0
Pigeon,HP,132.0
Pigeon,HP,66.0
Pigeon,HP,240.0
Pigeon,HP,358.0
Pigeon,HP,102.0
Pigeon,HP,165.0
Pigeon,HP,73.0
Pigeon,HP,56.0
Pigeon,HP,200.0
Pigeon,HP,67.0
Pigeon,HP,57.0
Pigeon,HP,273.0
Pigeon,HP,179.0
Pigeon,HP,278.0
Pigeon,HP,515.0
Pigeon,HP,52.0
Pigeon,HP,301.0
Pigeon,HP,483.0
Pigeon,HP,279.0
Pigeon,HP,373.0
Pigeon,HP,58.0
Pigeon,HP,134.0
Pigeon,HP,176.0
Pigeon,HP,197.0
Pigeon,HP,574.0
Pigeon,HP,576.0
Pigeon,HP,146.0
Pigeon,HP,192.0
Pigeon,HP,109.0
Pigeon,HP,119.0
Pigeon,HP,542.0
Pigeon,HP,51.0
Pigeon,HP,70.0
Pigeon,HP,177.0
Pigeon,HP,248.0
Pigeon,HP,80.0
Pigeon,HP,99.0
Pigeon,HP,111.0
Pigeon,HP,122.0
Pigeon,HP,672.0
Pigeon,HP,178.0
Pigeon,HP,54.0
Pigeon,HP,68.0
Pigeon,HP,54.0
Pigeon,HP,66.0
Pigeon,HP,60.0
Pigeon,HP,64.0
Pigeon,HP,51.0
Pigeon,HP,52.0
Pigeon,HP,54.0
Pigeon,HP,53.0
Pigeon,HP,53.0
Pigeon,HP,52.0
Pigeon,HP,56.0
Pigeon,HP,104.0
Pigeon,HP,58.0
Pigeon,HP,57.0
Pigeon,HP,61.0
Pigeon,HP,55.0
Pigeon,HP,63.0
Pigeon,HP,56.0
Pigeon,HP,59.0
Pigeon,HP,103.0
Pigeon,HP,69.0
Pigeon,HP,51.0
Pigeon,HP,89.0
Pigeon,HP,61.0
Pigeon,HP,55.0
Pigeon,HP,61.0
Pigeon,HP,58.0
Pigeon,HP,75.0
Pigeon,HP,52.0
Pigeon,HP,73.0
Pigeon,HP,62.0
Pigeon,HP,53.0
Pigeon,HP,55.0
Pigeon,HP,53.0
Pigeon,HP,54.0
Pigeon,HP,51.0
Pigeon,HP,58.0
Pigeon,HP,51.0
Pigeon,HP,61.0
Pigeon,HP,70.0
Pigeon,HP,57.0
Pigeon,HP,57.0
Pigeon,HP,117.0
Pigeon,HP,221.0
Pigeon,HP,52.0
Pigeon,HP,64.0
Pigeon,HP,69.0
Pigeon,HP,56.0
Pigeon,HP,76.0
Pigeon,HP,64.0
Pigeon,HP,55.0
Pigeon,HP,52.0
Pigeon,HP,55.0
Pigeon,HP,432.0
Pigeon,HP,63.0
Pigeon,HP,59.0
Pigeon,HP,65.0
Pigeon,HP,60.0
Pigeon,HP,55.0
Pigeon,HP,90.0
Pigeon,HP,73.0
Pigeon,HP,66.0
Pigeon,HP,135.0
Pigeon,HP,114.0
Pigeon,HP,93.0
Pigeon,HP,67.0
Pigeon,HP,86.0
Pigeon,HP,68.0
Pigeon,HP,92.0
Pigeon,HP,55.0
Pigeon,HP,51.0
Pigeon,HP,65.0
Pigeon,HP,57.0
Pigeon,HP,65.0
Pigeon,HP,67.0
Pigeon,HP,90.0
Pigeon,HP,69.0
Pigeon,HP,57.0
Pigeon,HP,178.0
Pigeon,HP,548.0
Pigeon,HP,53.0
Pigeon,HP,86.0
Pigeon,HP,85.0
Pigeon,HP,56.0
Pigeon,HP,55.0
Pigeon,HP,75.0
Pigeon,HP,53.0
Pigeon,HP,51.0
Pigeon,HP,52.0
Pigeon,HP,66.0
Pigeon,HP,55.0
Pigeon,HP,90.0
Pigeon,HP,66.0
Pigeon,HP,53.0
Pigeon,HP,51.0
Pigeon,HP,51.0
Pigeon,HP,66.0
Pigeon,HP,59.0
Pigeon,HP,51.0
Pigeon,HP,67.0
Pigeon,HP,88.0
Pigeon,HP,73.0
Pigeon,HP,51.0
Pigeon,HP,62.0
Pigeon,HP,73.0
Pigeon,HP,88.0
Pigeon,HP,52.0
Pigeon,HP,58.0
Pigeon,HP,65.0
Pigeon,HP,55.0
Pigeon,HP,82.0
Pigeon,HP,67.0
Pigeon,HP,54.0
Pigeon,HP,66.0
Pigeon,HP,95.0
Pigeon,HP,56.0
Pigeon,HP,83.0
Pigeon,HP,51.0
Pigeon,HP,52.0
Pigeon,HP,53.0
Pigeon,HP,60.0
Pigeon,HP,52.0
Pigeon,HP,76.0
Pigeon,HP,57.0
Pigeon,HP,73.0
Pigeon,HP,76.0
Pigeon,HP,63.0
Pigeon,HP,53.0
Pigeon,HP,71.0
Pigeon,HP,58.0
Pigeon,HP,69.0
Pigeon,HP,70.0
Pigeon,HP,82.0
Pigeon,HP,63.0
Pigeon,HP,64.0
Pigeon,HP,84.0
Pigeon,HP,52.0
Pigeon,HP,56.0
Pigeon,HP,66.0
Pigeon,HP,57.0
Pigeon,HP,83.0
Pigeon,HP,53.0
Pigeon,HP,51.0
Pigeon,HP,111.0
Pigeon,HP,100.0
Pigeon,HP,53.0
Pigeon,HP,70.0
Pigeon,HP,54.0
Pigeon,HP,53.0
Pigeon,HP,54.0
Pigeon,HP,52.0
Pigeon,HP,85.0
Pigeon,HP,53.0
Pigeon,HP,57.0
Pigeon,HP,61.0
Pigeon,HP,54.0
Pigeon,HP,52.0
Pigeon,HP,54.0
Pigeon,HP,64.0
Pigeon,HP,55.0
Pigeon,HP,59.0
Pigeon,HP,53.0
Pigeon,HP,97.0
Pigeon,HP,63.0
Pigeon,HP,61.0
Pigeon,HP,474.0
Pigeon,HP,86.0
Pigeon,HP,61.0
Pigeon,HP,276.0
Pigeon,HP,617.0
Pigeon,HP,517.0
Pigeon,HP,1155.0
Pigeon,HP,57.0
Pigeon,HP,216.0
Pigeon,HP,600.0
Pigeon,HP,115.0
Pigeon,HP,169.0
Pigeon,HP,88.0
Pigeon,HP,248.0
Pigeon,HP,120.0
Pigeon,HP,62.0
Pigeon,HP,101.0
Pigeon,HP,53.0
Pigeon,HP,381.0
Pigeon,HP,55.0
Pigeon,HP,58.0
Pigeon,HP,78.0
Pigeon,HP,114.0
Pigeon,HP,109.0
Pigeon,HP,138.0
Pigeon,HP,87.0
Pigeon,HP,319.0
Pigeon,HP,269.0
Pigeon,HP,92.0
Pigeon,HP,72.0
Pigeon,HP,367.0
Pigeon,HP,111.0
Pigeon,HP,207.0
Pigeon,HP,90.0
Pigeon,HP,136.0
Pigeon,HP,75.0
Pigeon,HP,52.0
Pigeon,HP,53.0
Pigeon,HP,617.0
Pigeon,HP,226.0
Pigeon,HP,228.0
Pigeon,HP,139.0
Pigeon,HP,85.0
Pigeon,HP,163.0
Pigeon,HP,406.0
Pigeon,HP,174.0
Pigeon,HP,178.0
Pigeon,HP,150.0
Pigeon,HP,81.0
Pigeon,HP,408.0
Pigeon,HP,766.0
Pigeon,HP,66.0
Pigeon,HP,129.0
Pigeon,HP,194.0
Pigeon,HP,101.0
Pigeon,HP,94.0
Pigeon,HP,139.0
Pigeon,HP,78.0
Pigeon,HP,110.0
Pigeon,HP,57.0
Pigeon,HP,68.0
Pigeon,HP,270.0
Pigeon,HP,108.0
Pigeon,HP,150.0
Pigeon,HP,274.0
Pigeon,HP,86.0
Pigeon,HP,295.0
Pigeon,HP,465.0
Pigeon,HP,68.0
Pigeon,HP,103.0
Pigeon,HP,88.0
Pigeon,HP,104.0
Pigeon,HP,66.0
Pigeon,HP,236.0
Pigeon,HP,236.0
Pigeon,HP,174.0
Pigeon,HP,1220.0
Pigeon,HP,70.0
Pigeon,HP,315.0
Pigeon,HP,64.0
Pigeon,HP,142.0
Pigeon,HP,358.0
Pigeon,HP,51.0
Pigeon,HP,57.0
Pigeon,HP,73.0
Pigeon,HP,265.0
Pigeon,HP,329.0
Pigeon,HP,103.0
Pigeon,HP,172.0
Pigeon,HP,62.0
Pigeon,HP,65.0
Pigeon,HP,258.0
Pigeon,HP,708.0
Pigeon,HP,639.0
Pigeon,HP,317.0
Pigeon,HP,75.0
Pigeon,HP,1365.0
Pigeon,HP,155.0
Pigeon,HP,59.0
Pigeon,HP,137.0
Pigeon,HP,857.0
Pigeon,HP,128.0
Pigeon,HP,52.0
Pigeon,HP,151.0
Pigeon,HP,250.0
Pigeon,HP,55.0
Pigeon,HP,257.0
Pigeon,HP,63.0
Pigeon,HP,67.0
Pigeon,HP,173.0
Pigeon,HP,97.0
Pigeon,HP,272.0
Pigeon,HP,192.0
Pigeon,HP,57.0
Pigeon,HP,467.0
Pigeon,HP,108.0
Pigeon,HP,507.0
Pigeon,HP,54.0
Pigeon,HP,488.0
Pigeon,HP,101.0
Pigeon,HP,62.0
Pigeon,HP,193.0
Pigeon,HP,70.0
Pigeon,HP,176.0
Pigeon,HP,170.0
Pigeon,HP,195.0
Pigeon,HP,306.0
Pigeon,HP,338.0
Pigeon,HP,913.0
Pigeon,HP,55.0
Pigeon,HP,1226.0
Pigeon,HP,493.0
Pigeon,HP,620.0
Pigeon,HP,374.0
Pigeon,HP,70.0
Pigeon,HP,2140.0
Pigeon,HP,54.0
Pigeon,HP,471.0
Pigeon,HP,244.0
Pigeon,HP,77.0
Pigeon,HP,267.0
Pigeon,HP,80.0
Pigeon,HP,505.0
Pigeon,HP,181.0
Pigeon,HP,539.0
Pigeon,HP,143.0
Pigeon,HP,85.0
Pigeon,HP,77.0
Pigeon,HP,78.0
Pigeon,HP,148.0
Pigeon,HP,75.0
Pigeon,HP,233.0
Pigeon,HP,135.0
Pigeon,HP,53.0
Pigeon,HP,160.0
Pigeon,HP,307.0
Pigeon,HP,82.0
Pigeon,HP,51.0
Pigeon,HP,423.0
Pigeon,HP,121.0
Pigeon,HP,93.0
Pigeon,HP,88.0
Pigeon,HP,80.0
Pigeon,HP,144.0
Pigeon,HP,217.0
Pigeon,HP,105.0
Pigeon,HP,110.0
Pigeon,HP,91.0
Pigeon,HP,59.0
Pigeon,HP,130.0
Pigeon,HP,109.0
Pigeon,HP,112.0
Pigeon,HP,685.0
Pigeon,HP,534.0
Pigeon,HP,247.0
Pigeon,HP,52.0
Pigeon,HP,447.0
Pigeon,HP,100.0
Pigeon,HP,68.0
Pigeon,HP,67.0
Pigeon,HP,88.0
Pigeon,HP,66.0
Pigeon,HP,128.0
Pigeon,HP,61.0
Pigeon,HP,74.0
Pigeon,HP,381.0
Pigeon,HP,140.0
Pigeon,HP,55.0
Pigeon,HP,52.0
Pigeon,HP,58.0
Pigeon,HP,1243.0
Pigeon,HP,336.0
Pigeon,HP,55.0
Pigeon,HP,68.0
Pigeon,HP,53.0
Pigeon,HP,59.0
Pigeon,HP,69.0
Pigeon,HP,101.0
Pigeon,HP,53.0
Pigeon,HP,52.0
Pigeon,HP,55.0
Pigeon,HP,95.0
Pigeon,HP,144.0
Pigeon,HP,78.0
Pigeon,HP,64.0
Pigeon,HP,60.0
Pigeon,HP,66.0
Pigeon,HP,56.0
Pigeon,HP,60.0
Pigeon,HP,67.0
Pigeon,HP,54.0
Pigeon,HP,54.0
Pigeon,HP,51.0
Pigeon,HP,67.0
Pigeon,HP,97.0
Pigeon,HP,59.0
Pigeon,HP,52.0
Pigeon,HP,90.0
Pigeon,HP,83.0
Pigeon,HP,62.0
Pigeon,HP,51.0
Pigeon,HP,55.0
Pigeon,HP,52.0
Pigeon,HP,51.0
Pigeon,HP,54.0
Pigeon,HP,58.0
Pigeon,HP,55.0
Pigeon,HP,63.0
Pigeon,HP,75.0
Pigeon,HP,67.0
Pigeon,HP,54.0
Pigeon,HP,83.0
Pigeon,HP,76.0
Pigeon,HP,98.0
Pigeon,HP,67.0
Pigeon,HP,75.0
Pigeon,HP,230.0
Pigeon,HP,53.0
Pigeon,HP,54.0
Pigeon,HP,125.0
Pigeon,HP,52.0
Pigeon,HP,204.0
Pigeon,HP,58.0
Pigeon,HP,187.0
Pigeon,HP,56.0
Pigeon,HP,53.0
Pigeon,HP,56.0
Pigeon,HP,51.0
Pigeon,HP,72.0
Pigeon,HP,53.0
Pigeon,HP,72.0
Pigeon,HP,55.0
Pigeon,HP,53.0
Pigeon,HP,59.0
Pigeon,HP,58.0
Pigeon,HP,113.0
Pigeon,HP,71.0
Pigeon,HP,54.0
Pigeon,HP,58.0
Pigeon,HP,58.0
Pigeon,HP,55.0
Pigeon,HP,135.0
Pigeon,HP,69.0
Pigeon,HP,89.0
Pigeon,HP,53.0
Pigeon,HP,54.0
Pigeon,HP,66.0
Pigeon,HP,52.0
Pigeon,HP,68.0
Pigeon,HP,75.0
Pigeon,HP,64.0
Pigeon,HP,77.0
Pigeon,HP,121.0
Pigeon,HP,71.0
Pigeon,HP,76.0
Pigeon,HP,65.0
Pigeon,HP,72.0
Pigeon,HP,58.0
Pigeon,HP,72.0
Pigeon,HP,61.0
Pigeon,HP,88.0
Pigeon,HP,71.0
Pigeon,HP,67.0
Pigeon,HP,56.0
Pigeon,HP,65.0
Pigeon,HP,60.0
Pigeon,HP,53.0
Pigeon,HP,51.0
Pigeon,HP,51.0
Pigeon,HP,60.0
Pigeon,HP,56.0
Pigeon,HP,54.0
Pigeon,HP,76.0
Pigeon,HP,62.0
Pigeon,HP,84.0
Pigeon,HP,79.0
Pigeon,HP,57.0
Pigeon,HP,51.0
Pigeon,HP,56.0
Pigeon,HP,55.0
Pigeon,HP,53.0
Pigeon,HP,53.0
Pigeon,HP,56.0
Pigeon,HP,73.0
Pigeon,HP,62.0
Pigeon,HP,64.0
Pigeon,HP,63.0
Pigeon,HP,51.0
Pigeon,HP,73.0
Pigeon,HP,57.0
Pigeon,HP,79.0
Pigeon,HP,73.0
Pigeon,HP,61.0
Pigeon,HP,81.0
Pigeon,HP,65.0
Pigeon,HP,70.0
Pigeon,HP,51.0
Pigeon,HP,1185.0
Pigeon,HP,240.0
Pigeon,HP,2178.0
Pigeon,HP,636.0
Pigeon,HP,148.0
Pigeon,HP,73.0
Pigeon,HP,483.0
Pigeon,HP,127.0
Pigeon,HP,1754.0
Pigeon,HP,352.0
Pigeon,HP,269.0
Pigeon,HP,738.0
Pigeon,HP,312.0
Pigeon,HP,3190.0
Pigeon,HP,111.0
Pigeon,HP,69.0
Pigeon,HP,146.0
Pigeon,HP,510.0
Pigeon,HP,135.0
Pigeon,HP,2215.0
Pigeon,HP,3459.0
Pigeon,HP,58.0
Pigeon,HP,1486.0
Pigeon,HP,67.0
Pigeon,HP,1465.0
Pigeon,HP,105.0
Pigeon,HP,1931.0
Pigeon,HP,3643.0
Pigeon,HP,150.0
Pigeon,HP,3218.0
Pigeon,HP,249.0
Pigeon,HP,113.0
Pigeon,HP,2496.0
Pigeon,HP,81.0
Pigeon,HP,235.0
Pigeon,HP,64.0
Pigeon,HP,60.0
Pigeon,HP,247.0
Pigeon,HP,189.0
Pigeon,HP,118.0
Pigeon,HP,64.0
Pigeon,HP,128.0
Pigeon,HP,165.0
Pigeon,HP,176.0
Pigeon,HP,53.0
Pigeon,HP,132.0
Pigeon,HP,170.0
Pigeon,HP,86.0
Pigeon,HP,69.0
Pigeon,HP,1018.0
Pigeon,HP,70.0
Pigeon,HP,123.0
Pigeon,HP,55.0
Pigeon,HP,84.0
Pigeon,HP,99.0
Pigeon,HP,67.0
Pigeon,HP,201.0
Pigeon,HP,128.0
Pigeon,HP,124.0
Pigeon,HP,72.0
Pigeon,HP,53.0
Pigeon,HP,72.0
Pigeon,HP,67.0
Pigeon,HP,76.0
Pigeon,HP,69.0
Pigeon,HP,59.0
Pigeon,HP,86.0
Pigeon,HP,89.0
Pigeon,HP,124.0
Pigeon,HP,73.0
Pigeon,HP,61.0
Pigeon,HP,76.0
Pigeon,HP,123.0
Pigeon,HP,55.0
Pigeon,HP,313.0
Pigeon,HP,711.0
Pigeon,HP,116.0
Pigeon,HP,86.0
Pigeon,HP,86.0
Pigeon,HP,58.0
Pigeon,HP,87.0
Pigeon,HP,499.0
Pigeon,HP,56.0
Pigeon,HP,51.0
Pigeon,HP,127.0
Pigeon,HP,530.0
Pigeon,HP,72.0
Pigeon,HP,141.0
Pigeon,HP,64.0
Pigeon,HP,138.0
Pigeon,HP,65.0
Pigeon,HP,98.0
Pigeon,HP,52.0
Pigeon,HP,66.0
Pigeon,HP,54.0
Pigeon,HP,71.0
Pigeon,HP,67.0
Pigeon,HP,205.0
Pigeon,HP,426.0
Pigeon,HP,54.0
Pigeon,HP,123.0
Pigeon,HP,75.0
Pigeon,HP,57.0
Pigeon,HP,60.0
Pigeon,HP,252.0
Pigeon,HP,171.0
Pigeon,HP,79.0
Pigeon,HP,181.0
Pigeon,HP,52.0
Pigeon,HP,68.0
Pigeon,HP,63.0
Pigeon,HP,64.0
Pigeon,HP,688.0
Pigeon,HP,71.0
Pigeon,HP,55.0
Pigeon,HP,104.0
Pigeon,HP,275.0
Pigeon,HP,57.0
Pigeon,HP,133.0
Pigeon,HP,100.0
Pigeon,HP,83.0
Pigeon,HP,426.0
Pigeon,HP,57.0
Pigeon,HP,88.0
Pigeon,HP,119.0
Pigeon,HP,739.0
Pigeon,HP,70.0
Pigeon,HP,163.0
Pigeon,HP,84.0
Pigeon,HP,271.0
Pigeon,HP,81.0
Pigeon,HP,51.0
Pigeon,HP,132.0
Pigeon,HP,173.0
Pigeon,HP,1088.0
Pigeon,HP,117.0
Pigeon,HP,94.0
Pigeon,HP,110.0
Pigeon,HP,88.0
Pigeon,HP,175.0
Pigeon,HP,233.0
Pigeon,HP,105.0
Pigeon,HP,267.0
Pigeon,HP,136.0
Pigeon,HP,126.0
Pigeon,HP,290.0
Pigeon,HP,281.0
Pigeon,HP,136.0
Pigeon,HP,357.0
Pigeon,HP,270.0
Pigeon,HP,494.0
Pigeon,HP,94.0
Pigeon,HP,66.0
Pigeon,HP,60.0
Pigeon,HP,189.0
Pigeon,HP,78.0
Pigeon,HP,323.0
Pigeon,HP,59.0
Pigeon,HP,60.0
Pigeon,HP,153.0
Pigeon,HP,121.0
Pigeon,HP,60.0
Pigeon,HP,79.0
Pigeon,HP,88.0
Pigeon,HP,114.0
Pigeon,HP,68.0
Pigeon,HP,340.0
Pigeon,HP,160.0
Pigeon,HP,97.0
Pigeon,HP,121.0
Pigeon,HP,57.0
Pigeon,HP,452.0
Pigeon,HP,309.0
Pigeon,HP,140.0
Pigeon,HP,756.0
Pigeon,HP,2295.0
Pigeon,HP,51.0
Pigeon,HP,664.0
Pigeon,HP,60.0
Pigeon,HP,93.0
Pigeon,HP,204.0
Pigeon,HP,97.0
Pigeon,HP,62.0
Pigeon,HP,59.0
Pigeon,HP,52.0
Pigeon,HP,124.0
Pigeon,HP,58.0
Pigeon,HP,149.0
Pigeon,HP,71.0
Pigeon,HP,89.0
Pigeon,HP,51.0
Pigeon,HP,201.0
Pigeon,HP,56.0
Pigeon,HP,53.0
Pigeon,HP,72.0
Pigeon,HP,58.0
Pigeon,HP,56.0
Pigeon,HP,55.0
Pigeon,HP,51.0
Pigeon,HP,76.0
Pigeon,HP,104.0
Pigeon,HP,114.0
Pigeon,HP,187.0
Pigeon,HP,54.0
Pigeon,HP,66.0
Pigeon,HP,100.0
Pigeon,HP,233.0
Pigeon,HP,80.0
Pigeon,HP,411.0
Pigeon,HP,226.0
Pigeon,HP,65.0
Pigeon,HP,219.0
Pigeon,HP,222.0
Pigeon,HP,53.0
Pigeon,HP,56.0
Pigeon,HP,94.0
Pigeon,HP,82.0
Pigeon,HP,66.0
Pigeon,HP,58.0
Pigeon,HP,90.0
Pigeon,HP,95.0
Pigeon,HP,105.0
Pigeon,HP,61.0
Pigeon,HP,69.0
Pigeon,HP,100.0
Pigeon,HP,95.0
Pigeon,HP,72.0
Pigeon,HP,60.0
Pigeon,HP,52.0
Pigeon,HP,65.0
Pigeon,HP,67.0
Pigeon,HP,75.0
Pigeon,HP,64.0
Pigeon,HP,53.0
Pigeon,HP,77.0
Pigeon,HP,57.0
Pigeon,HP,66.0
Pigeon,HP,54.0
Pigeon,HP,51.0
Pigeon,HP,54.0
Pigeon,HP,61.0
Pigeon,HP,58.0
Pigeon,HP,93.0
Pigeon,HP,61.0
Pigeon,HP,65.0
Pigeon,HP,69.0
Pigeon,HP,53.0
Pigeon,HP,51.0
Pigeon,HP,59.0
Pigeon,HP,59.0
Pigeon,HP,67.0
Pigeon,HP,65.0
Pigeon,HP,82.0
Pigeon,HP,87.0
Pigeon,HP,65.0
Pigeon,HP,51.0
Pigeon,HP,59.0
Pigeon,HP,58.0
Pigeon,HP,56.0
Pigeon,HP,66.0
Pigeon,HP,104.0
Pigeon,HP,56.0
Pigeon,HP,61.0
Pigeon,HP,53.0
Pigeon,HP,56.0
Pigeon,HP,52.0
Pigeon,HP,51.0
Pigeon,HP,65.0
Pigeon,HP,59.0
Pigeon,HP,51.0
Pigeon,HP,54.0
Pigeon,HP,52.0
Pigeon,HP,70.0
Pigeon,HP,55.0
Pigeon,HP,60.0
Pigeon,HP,61.0
Pigeon,HP,60.0
Pigeon,HP,62.0
Pigeon,HP,54.0
Pigeon,HP,57.0
Pigeon,HP,134.0
Pigeon,HP,72.0
Pigeon,HP,52.0
Pigeon,HP,51.0
Pigeon,HP,119.0
Pigeon,HP,53.0
Pigeon,HP,90.0
Pigeon,HP,89.0
Pigeon,HP,51.0
Pigeon,HP,58.0
Pigeon,HP,303.0
Pigeon,HP,53.0
Pigeon,HP,267.0
Pigeon,HP,500.0
Pigeon,HP,466.0
Pigeon,HP,173.0
Pigeon,HP,78.0
Pigeon,HP,275.0
Pigeon,HP,1290.0
Pigeon,HP,3548.0
Pigeon,HP,133.0
Pigeon,HP,2943.0
Pigeon,HP,73.0
Pigeon,HP,407.0
Pigeon,HP,68.0
Pigeon,HP,351.0
Pigeon,HP,72.0
Pigeon,HP,149.0
Pigeon,HP,81.0
Pigeon,HP,149.0
Pigeon,HP,52.0
Pigeon,HP,53.0
Pigeon,HP,51.0
Pigeon,HP,68.0
Pigeon,HP,55.0
Pigeon,HP,85.0
Pigeon,HP,56.0
Pigeon,HP,53.0
Pigeon,HP,195.0
Pigeon,HP,124.0
Pigeon,HP,125.0
Pigeon,HP,82.0
Pigeon,HP,151.0
Pigeon,HP,58.0
Pigeon,HP,94.0
Pigeon,HP,51.0
Pigeon,HP,71.0
Pigeon,HP,511.0
Pigeon,HP,115.0
Pigeon,HP,91.0
Pigeon,HP,58.0
Pigeon,HP,59.0
Pigeon,HP,268.0
Pigeon,HP,60.0
Pigeon,HP,67.0
Pigeon,HP,63.0
Pigeon,HP,72.0
Pigeon,HP,73.0
Pigeon,HP,51.0
Pigeon,HP,85.0
Pigeon,HP,71.0
Pigeon,HP,78.0
Pigeon,HP,85.0
Pigeon,HP,63.0
Pigeon,HP,119.0
Pigeon,HP,140.0
Pigeon,HP,131.0
Pigeon,HP,94.0
Pigeon,HP,51.0
Pigeon,HP,76.0
Pigeon,HP,155.0
Pigeon,HP,72.0
Pigeon,HP,486.0
Pigeon,HP,106.0
Pigeon,HP,175.0
Pigeon,HP,119.0
Pigeon,HP,61.0
Pigeon,HP,56.0
Pigeon,HP,81.0
Pigeon,HP,61.0
Pigeon,HP,56.0
Pigeon,HP,143.0
Pigeon,HP,114.0
Pigeon,HP,135.0
Pigeon,HP,52.0
Pigeon,HP,91.0
Pigeon,HP,57.0
Pigeon,HP,196.0
Pigeon,HP,1646.0
Pigeon,HP,121.0
Pigeon,HP,1910.0
Pigeon,HP,122.0
Pigeon,HP,576.0
Pigeon,HP,140.0
Pigeon,HP,56.0
Pigeon,HP,85.0
Pigeon,HP,57.0
Pigeon,HP,240.0
Pigeon,HP,211.0
Pigeon,HP,273.0
Pigeon,HP,89.0
Pigeon,HP,73.0
Pigeon,HP,64.0
Pigeon,HP,78.0
Pigeon,HP,152.0
Pigeon,HP,68.0
Pigeon,HP,105.0
Pigeon,HP,60.0
Pigeon,HP,55.0
Pigeon,HP,73.0
Pigeon,HP,74.0
Pigeon,HP,63.0
Pigeon,HP,71.0
Pigeon,HP,165.0
Pigeon,HP,67.0
Pigeon,HP,94.0
Pigeon,HP,52.0
Pigeon,HP,94.0
Pigeon,HP,56.0
Pigeon,HP,144.0
Pigeon,HP,66.0
Pigeon,HP,158.0
Pigeon,HP,755.0
Pigeon,HP,78.0
Pigeon,HP,59.0
Pigeon,HP,52.0
Pigeon,HP,86.0
Pigeon,HP,54.0
Pigeon,HP,299.0
Pigeon,HP,75.0
Pigeon,HP,85.0
Pigeon,HP,74.0
Pigeon,HP,92.0
Pigeon,HP,423.0
Pigeon,HP,63.0
Pigeon,HP,83.0
Pigeon,HP,74.0
Pigeon,HP,149.0
Pigeon,HP,63.0
Pigeon,HP,94.0
Pigeon,HP,67.0
Pigeon,HP,63.0
Pigeon,HP,67.0
Pigeon,HP,58.0
Pigeon,HP,56.0
Pigeon,HP,68.0
Pigeon,HP,86.0
Pigeon,HP,52.0
Pigeon,HP,61.0
Pigeon,HP,59.0
Pigeon,HP,77.0
Pigeon,HP,61.0
Pigeon,HP,63.0
Pigeon,HP,59.0
Pigeon,HP,80.0
Pigeon,HP,67.0
Pigeon,HP,60.0
Pigeon,HP,57.0
Pigeon,HP,54.0
Pigeon,HP,62.0
Pigeon,HP,67.0
Pigeon,HP,70.0
Pigeon,HP,58.0
Pigeon,HP,54.0
Pigeon,HP,61.0
Pigeon,HP,60.0
Pigeon,HP,74.0
Pigeon,HP,51.0
Pigeon,HP,69.0
Pigeon,HP,53.0
Pigeon,HP,67.0
Pigeon,HP,62.0
Pigeon,HP,61.0
Pigeon,HP,58.0
Pigeon,HP,53.0
Pigeon,HP,84.0
Pigeon,HP,57.0
Pigeon,HP,58.0
Pigeon,HP,72.0
Pigeon,HP,75.0
Pigeon,HP,5604.0
Pigeon,HP,134.0
Pigeon,HP,80.0
Pigeon,HP,55.0
Pigeon,HP,61.0
Pigeon,HP,69.0
Pigeon,HP,68.0
Pigeon,HP,64.0
Pigeon,HP,65.0
Pigeon,HP,68.0
Pigeon,HP,56.0
Pigeon,HP,58.0
Pigeon,HP,59.0
Pigeon,HP,55.0
Pigeon,HP,100.0
Pigeon,HP,56.0
Pigeon,HP,70.0
Pigeon,HP,55.0
Pigeon,HP,61.0
Pigeon,HP,70.0
Pigeon,HP,70.0
Pigeon,HP,57.0
Pigeon,HP,75.0
Pigeon,HP,52.0
Pigeon,HP,76.0
Pigeon,HP,60.0
Pigeon,HP,53.0
Pigeon,HP,66.0
Pigeon,HP,53.0
Pigeon,HP,88.0
Pigeon,HP,64.0
Pigeon,HP,64.0
Pigeon,HP,75.0
Pigeon,HP,90.0
Pigeon,HP,67.0
Pigeon,HP,90.0
Pigeon,HP,54.0
Pigeon,HP,63.0
Pigeon,HP,63.0
Pigeon,HP,62.0
Pigeon,HP,75.0
Pigeon,HP,79.0
Pigeon,HP,55.0
Pigeon,HP,63.0
Pigeon,HP,57.0
Pigeon,HP,63.0
Pigeon,HP,165.0
Pigeon,HP,90.0
Pigeon,HP,62.0
Pigeon,HP,55.0
Pigeon,HP,71.0
Pigeon,HP,55.0
Pigeon,HP,66.0
Pigeon,HP,77.0
Pigeon,HP,52.0
Pigeon,HP,70.0
Pigeon,HP,75.0
Pigeon,HP,59.0
Pigeon,HP,71.0
Pigeon,HP,75.0
Pigeon,HP,64.0
Pigeon,HP,63.0
Pigeon,HP,53.0
Pigeon,HP,66.0
Pigeon,HP,82.0
Pigeon,HP,51.0
Pigeon,HP,55.0
Pigeon,HP,125.0
Pigeon,HP,54.0
Pigeon,HP,64.0
Pigeon,HP,60.0
Pigeon,HP,69.0
Pigeon,HP,72.0
Pigeon,HP,71.0
Pigeon,HP,193.0
Pigeon,HP,84.0
Pigeon,HP,78.0
Pigeon,HP,56.0
Pigeon,HP,120.0
Pigeon,HP,95.0
Pigeon,HP,59.0
Pigeon,HP,68.0
Pigeon,HP,55.0
Pigeon,HP,72.0
Pigeon,HP,63.0
Pigeon,HP,70.0
Pigeon,HP,71.0
Pigeon,HP,82.0
Pigeon,HP,85.0
Pigeon,HP,63.0
Pigeon,HP,53.0
Pigeon,HP,59.0
Pigeon,HP,70.0
Pigeon,HP,58.0
Pigeon,HP,69.0
Pigeon,HP,61.0
Pigeon,HP,81.0
Pigeon,HP,53.0
Pigeon,HP,52.0
Pigeon,HP,71.0
Pigeon,HP,96.0
Pigeon,HP,71.0
Pigeon,HP,70.0
Pigeon,HP,53.0
Pigeon,HP,95.0
Pigeon,HP,72.0
Pigeon,HP,92.0
Pigeon,HP,56.0
Pigeon,HP,71.0
Pigeon,HP,67.0
Pigeon,HP,93.0
Pigeon,HP,54.0
Pigeon,HP,81.0
Pigeon,HP,92.0
Pigeon,HP,78.0
Pigeon,HP,82.0
Pigeon,HP,72.0
Pigeon,HP,67.0
Pigeon,HP,65.0
Pigeon,HP,59.0
Pigeon,HP,54.0
Pigeon,HP,57.0
Pigeon,HP,51.0
Pigeon,HP,57.0
Pigeon,HP,66.0
Pigeon,HP,87.0
Pigeon,HP,57.0
Pigeon,HP,1087.0
Pigeon,HP,63.0
Pigeon,HP,69.0
Pigeon,HP,59.0
Pigeon,HP,53.0
Pigeon,HP,69.0
Pigeon,HP,64.0
Pigeon,HP,71.0
Pigeon,HP,58.0
Pigeon,HP,58.0
Pigeon,HP,55.0
Pigeon,HP,51.0
Pigeon,HP,74.0
Pigeon,HP,54.0
Pigeon,HP,59.0
Pigeon,HP,68.0
Pigeon,HP,53.0
Pigeon,HP,109.0
Pigeon,HP,51.0
Pigeon,HP,82.0
Pigeon,HP,107.0
Pigeon,HP,56.0
Pigeon,HP,83.0
Pigeon,HP,73.0
Pigeon,HP,63.0
Pigeon,HP,52.0
Pigeon,HP,104.0
Pigeon,HP,68.0
Pigeon,HP,104.0
Pigeon,HP,65.0
Pigeon,HP,2500.0
Pigeon,HP,119.0
Pigeon,HP,56.0
Pigeon,HP,278.0
Pigeon,HP,928.0
Pigeon,HP,140.0
Pigeon,HP,66.0
Pigeon,HP,227.0
Pigeon,HP,1192.0
Pigeon,HP,1710.0
Pigeon,HP,101.0
Pigeon,HP,176.0
Pigeon,HP,320.0
Pigeon,HP,250.0
Pigeon,HP,406.0
Pigeon,HP,3226.0
Pigeon,HP,414.0
Pigeon,HP,226.0
Pigeon,HP,192.0
Pigeon,HP,426.0
Pigeon,HP,271.0
Pigeon,HP,1644.0
Pigeon,HP,101.0
Pigeon,HP,135.0
Pigeon,HP,123.0
Pigeon,HP,1112.0
Pigeon,HP,91.0
Pigeon,HP,142.0
Pigeon,HP,381.0
Pigeon,HP,379.0
Pigeon,HP,56.0
Pigeon,HP,79.0
Pigeon,HP,68.0
Pigeon,HP,55.0
Pigeon,HP,534.0
Pigeon,HP,57.0
Pigeon,HP,58.0
Pigeon,HP,109.0
Pigeon,HP,88.0
Pigeon,HP,145.0
Pigeon,HP,81.0
Pigeon,HP,141.0
Pigeon,HP,56.0
Pigeon,HP,118.0
Pigeon,HP,197.0
Pigeon,HP,54.0
Pigeon,HP,70.0
Pigeon,HP,125.0
Pigeon,HP,696.0
Pigeon,HP,568.0
Pigeon,HP,113.0
Pigeon,HP,62.0
Pigeon,HP,127.0
Pigeon,HP,112.0
Pigeon,HP,162.0
Pigeon,HP,170.0
Pigeon,HP,61.0
Pigeon,HP,502.0
Pigeon,HP,187.0
Pigeon,HP,1073.0
Pigeon,HP,161.0
Pigeon,HP,81.0
Pigeon,HP,95.0
Pigeon,HP,70.0
Pigeon,HP,191.0
Pigeon,HP,531.0
Pigeon,HP,106.0
Pigeon,HP,53.0
Pigeon,HP,108.0
Pigeon,HP,128.0
Pigeon,HP,162.0
Pigeon,HP,70.0
Pigeon,HP,96.0
Pigeon,HP,102.0
Pigeon,HP,77.0
Pigeon,HP,442.0
Pigeon,HP,64.0
Pigeon,HP,118.0
Pigeon,HP,773.0
Pigeon,HP,85.0
Pigeon,HP,285.0
Pigeon,HP,71.0
Pigeon,HP,344.0
Pigeon,HP,171.0
Pigeon,HP,57.0
Pigeon,HP,52.0
Pigeon,HP,61.0
Pigeon,HP,83.0
Pigeon,HP,93.0
Pigeon,HP,272.0
Pigeon,HP,122.0
Pigeon,HP,241.0
Pigeon,HP,78.0
Pigeon,HP,177.0
Pigeon,HP,78.0
Pigeon,HP,116.0
Pigeon,HP,331.0
Pigeon,HP,79.0
Pigeon,HP,273.0
Pigeon,HP,71.0
Pigeon,HP,95.0
Pigeon,HP,430.0
Pigeon,HP,594.0
Pigeon,HP,317.0
Pigeon,HP,70.0
Pigeon,HP,53.0
Pigeon,HP,53.0
Pigeon,HP,95.0
Pigeon,HP,86.0
Pigeon,HP,532.0
Pigeon,HP,71.0
Pigeon,HP,59.0
Pigeon,HP,56.0
Pigeon,HP,84.0
Pigeon,HP,61.0
Pigeon,HP,53.0
Pigeon,HP,65.0
Pigeon,HP,91.0
Pigeon,HP,65.0
Pigeon,HP,59.0
Pigeon,HP,74.0
Pigeon,HP,73.0
Pigeon,HP,51.0
Pigeon,HP,105.0
Pigeon,HP,115.0
Pigeon,HP,54.0
Pigeon,HP,99.0
Pigeon,HP,53.0
Pigeon,HP,53.0
Pigeon,HP,56.0
Pigeon,HP,56.0
Pigeon,HP,54.0
Pigeon,HP,51.0
Pigeon,HP,65.0
Pigeon,HP,60.0
Pigeon,HP,97.0
Pigeon,HP,75.0
Pigeon,HP,63.0
Pigeon,HP,74.0
Pigeon,HP,61.0
Pigeon,HP,57.0
Pigeon,HP,67.0
Pigeon,HP,139.0
Pigeon,HP,56.0
Pigeon,HP,57.0
Pigeon,HP,86.0
Pigeon,HP,51.0
Pigeon,HP,60.0
Pigeon,HP,70.0
Pigeon,HP,51.0
Pigeon,HP,79.0
Pigeon,HP,63.0
Pigeon,HP,62.0
Pigeon,HP,54.0
Pigeon,HP,67.0
Pigeon,HP,89.0
Pigeon,HP,58.0
Pigeon,HP,62.0
Pigeon,HP,132.0
Pigeon,HP,59.0
Pigeon,HP,55.0
Pigeon,HP,62.0
Pigeon,HP,70.0
Pigeon,HP,124.0
Pigeon,HP,159.0
Pigeon,HP,53.0
Pigeon,HP,126.0
Pigeon,HP,52.0
Pigeon,HP,52.0
Pigeon,HP,66.0
Pigeon,HP,99.0
Pigeon,HP,61.0
Pigeon,HP,188.0
Pigeon,HP,53.0
Pigeon,HP,81.0
Pigeon,HP,63.0
Pigeon,HP,60.0
Pigeon,HP,54.0
Pigeon,HP,131.0
Pigeon,HP,195.0
Pigeon,HP,101.0
Pigeon,HP,79.0
Pigeon,HP,65.0
Pigeon,HP,58.0
Pigeon,HP,52.0
Pigeon,HP,82.0
Pigeon,HP,96.0
Pigeon,HP,71.0
Pigeon,HP,56.0
Pigeon,HP,109.0
Pigeon,HP,57.0
Pigeon,HP,112.0
Pigeon,HP,462.0
Pigeon,HP,87.0
Pigeon,HP,59.0
Pigeon,HP,163.0
Pigeon,HP,62.0
Pigeon,HP,54.0
Pigeon,HP,312.0
Pigeon,HP,56.0
Pigeon,HP,54.0
Pigeon,HP,92.0
Pigeon,HP,68.0
Pigeon,HP,367.0
Pigeon,HP,69.0
Pigeon,HP,56.0
Pigeon,HP,422.0
Pigeon,HP,60.0
Pigeon,HP,73.0
Pigeon,HP,65.0
Pigeon,HP,52.0
Pigeon,HP,72.0
Pigeon,HP,53.0
Pigeon,HP,68.0
Quail,thalamus,252.0
Quail,thalamus,175.0
Quail,thalamus,393.0
Quail,thalamus,110.0
Quail,thalamus,368.0
Quail,thalamus,119.0
Quail,thalamus,1389.0
Quail,thalamus,72.0
Quail,thalamus,1220.0
Quail,thalamus,106.0
Quail,thalamus,241.0
Quail,thalamus,94.0
Quail,thalamus,460.0
Quail,thalamus,177.0
Quail,thalamus,1482.0
Quail,thalamus,139.0
Quail,thalamus,1355.0
Quail,thalamus,1202.0
Quail,thalamus,882.0
Quail,thalamus,75.0
Quail,thalamus,159.0
Quail,thalamus,199.0
Quail,thalamus,682.0
Quail,thalamus,2003.0
Quail,thalamus,407.0
Quail,thalamus,1159.0
Quail,thalamus,113.0
Quail,thalamus,160.0
Quail,thalamus,58.0
Quail,thalamus,318.0
Quail,thalamus,702.0
Quail,thalamus,186.0
Quail,thalamus,1187.0
Quail,thalamus,3070.0
Quail,thalamus,2888.0
Quail,thalamus,2883.0
Quail,thalamus,985.0
Quail,thalamus,2521.0
Quail,thalamus,1418.0
Quail,thalamus,1138.0
Quail,thalamus,973.0
Quail,thalamus,863.0
Quail,thalamus,778.0
Quail,thalamus,527.0
Quail,thalamus,508.0
Quail,thalamus,585.0
Quail,thalamus,422.0
Quail,thalamus,372.0
Quail,thalamus,320.0
Quail,thalamus,286.0
Quail,thalamus,247.0
Quail,thalamus,240.0
Quail,thalamus,201.0
Quail,thalamus,120.0
Quail,thalamus,181.0
Quail,thalamus,137.0
Quail,thalamus,113.0
Quail,thalamus,138.0
Quail,thalamus,124.0
Quail,thalamus,106.0
Quail,thalamus,103.0
Quail,thalamus,93.0
Quail,thalamus,85.0
Quail,thalamus,86.0
Quail,thalamus,65.0
Quail,thalamus,78.0
Quail,thalamus,55.0
Quail,nidopallium,4159.0
Quail,nidopallium,14511.0
Quail,nidopallium,2160.0
Quail,nidopallium,16141.0
Quail,nidopallium,1539.0
Quail,nidopallium,4397.0
Quail,nidopallium,3743.0
Quail,nidopallium,740.0
Quail,nidopallium,4925.0
Quail,nidopallium,3227.0
Quail,nidopallium,629.0
Quail,nidopallium,372.0
Quail,nidopallium,1232.0
Quail,nidopallium,852.0
Quail,nidopallium,567.0
Quail,nidopallium,1202.0
Quail,nidopallium,228.0
Quail,nidopallium,8367.0
Quail,nidopallium,145.0
Quail,nidopallium,189.0
Quail,nidopallium,434.0
Quail,nidopallium,156.0
Quail,nidopallium,2725.0
Quail,nidopallium,697.0
Quail,nidopallium,187.0
Quail,nidopallium,252.0
Quail,nidopallium,326.0
Quail,nidopallium,458.0
Quail,nidopallium,226.0
Quail,nidopallium,215.0
Quail,nidopallium,3750.0
Quail,nidopallium,116.0
Quail,nidopallium,3392.0
Quail,nidopallium,100.0
Quail,nidopallium,53.0
Quail,nidopallium,57.0
Quail,nidopallium,6776.0
Quail,nidopallium,386.0
Quail,nidopallium,169.0
Quail,nidopallium,107.0
Quail,nidopallium,134.0
Quail,nidopallium,2126.0
Quail,nidopallium,864.0
Quail,nidopallium,869.0
Quail,nidopallium,650.0
Quail,nidopallium,79.0
Quail,nidopallium,457.0
Quail,nidopallium,798.0
Quail,nidopallium,2490.0
Quail,nidopallium,1714.0
Quail,nidopallium,1076.0
Quail,nidopallium,938.0
Quail,nidopallium,888.0
Quail,nidopallium,531.0
Quail,nidopallium,101.0
Quail,nidopallium,517.0
Quail,nidopallium,484.0
Quail,nidopallium,453.0
Quail,nidopallium,119.0
Quail,nidopallium,506.0
Quail,nidopallium,409.0
Quail,nidopallium,184.0
Quail,nidopallium,62.0
Quail,nidopallium,150.0
Quail,nidopallium,299.0
Quail,nidopallium,1613.0
Quail,nidopallium,657.0
Quail,nidopallium,133.0
Quail,nidopallium,510.0
Quail,nidopallium,648.0
Quail,nidopallium,185.0
Quail,nidopallium,63.0
Quail,nidopallium,254.0
Quail,nidopallium,444.0
Quail,nidopallium,2156.0
Quail,nidopallium,283.0
Quail,nidopallium,314.0
Quail,nidopallium,213.0
Quail,nidopallium,64.0
Quail,nidopallium,207.0
Quail,nidopallium,108.0
Quail,nidopallium,122.0
Quail,nidopallium,51.0
Quail,nidopallium,602.0
Quail,nidopallium,156.0
Quail,nidopallium,1250.0
Quail,nidopallium,529.0
Quail,nidopallium,76.0
Quail,nidopallium,1631.0
Quail,nidopallium,330.0
Quail,nidopallium,117.0
Quail,nidopallium,153.0
Quail,nidopallium,2369.0
Quail,nidopallium,4013.0
Quail,nidopallium,574.0
Quail,nidopallium,286.0
Quail,nidopallium,818.0
Quail,nidopallium,357.0
Quail,nidopallium,53.0
Quail,nidopallium,1394.0
Quail,nidopallium,727.0
Quail,nidopallium,1923.0
Quail,nidopallium,272.0
Quail,nidopallium,292.0
Quail,nidopallium,1402.0
Quail,nidopallium,237.0
Quail,nidopallium,2756.0
Quail,nidopallium,487.0
Quail,nidopallium,1274.0
Quail,nidopallium,56.0
Quail,nidopallium,1040.0
Quail,nidopallium,79.0
Quail,nidopallium,312.0
Quail,nidopallium,151.0
Quail,nidopallium,124.0
Quail,nidopallium,4242.0
Quail,nidopallium,1443.0
Quail,nidopallium,514.0
Quail,nidopallium,974.0
Quail,nidopallium,642.0
Quail,nidopallium,1123.0
Quail,nidopallium,432.0
Quail,nidopallium,1855.0
Quail,nidopallium,843.0
Quail,nidopallium,735.0
Quail,nidopallium,4020.0
Quail,nidopallium,3244.0
Quail,nidopallium,15125.0
Quail,nidopallium,1408.0
Quail,nidopallium,4827.0
Quail,nidopallium,2906.0
Quail,nidopallium,653.0
Quail,nidopallium,3365.0
Quail,nidopallium,3495.0
Quail,nidopallium,991.0
Quail,nidopallium,1050.0
Quail,nidopallium,1339.0
Quail,nidopallium,118.0
Quail,nidopallium,144.0
Quail,nidopallium,1475.0
Quail,nidopallium,374.0
Quail,nidopallium,792.0
Quail,nidopallium,841.0
Quail,nidopallium,1010.0
Quail,nidopallium,1474.0
Quail,nidopallium,209.0
Quail,nidopallium,261.0
Quail,nidopallium,329.0
Quail,nidopallium,130.0
Quail,nidopallium,123.0
Quail,nidopallium,980.0
Quail,nidopallium,487.0
Quail,nidopallium,1419.0
Quail,nidopallium,165.0
Quail,nidopallium,2317.0
Quail,nidopallium,575.0
Quail,nidopallium,1638.0
Quail,nidopallium,400.0
Quail,nidopallium,120.0
Quail,nidopallium,456.0
Quail,nidopallium,407.0
Quail,nidopallium,187.0
Quail,nidopallium,252.0
Quail,nidopallium,3729.0
Quail,nidopallium,1508.0
Quail,nidopallium,1912.0
Quail,nidopallium,115.0
Quail,nidopallium,115.0
Quail,nidopallium,95.0
Quail,nidopallium,264.0
Quail,nidopallium,209.0
Quail,nidopallium,551.0
Quail,nidopallium,4743.0
Quail,nidopallium,1707.0
Quail,nidopallium,4029.0
Quail,nidopallium,1302.0
Quail,nidopallium,371.0
Quail,nidopallium,333.0
Quail,nidopallium,478.0
Quail,nidopallium,143.0
Quail,nidopallium,719.0
Quail,nidopallium,659.0
Quail,nidopallium,1230.0
Quail,nidopallium,652.0
Quail,nidopallium,608.0
Quail,nidopallium,128.0
Quail,nidopallium,339.0
Quail,nidopallium,4544.0
Quail,nidopallium,1404.0
Quail,nidopallium,630.0
Quail,nidopallium,697.0
Quail,nidopallium,599.0
Quail,nidopallium,989.0
Quail,nidopallium,763.0
Quail,nidopallium,717.0
Quail,nidopallium,110.0
Quail,nidopallium,122.0
Quail,nidopallium,53.0
Quail,nidopallium,70.0
Quail,nidopallium,995.0
Quail,nidopallium,119.0
Quail,nidopallium,2080.0
Quail,nidopallium,875.0
Quail,nidopallium,78.0
Quail,nidopallium,199.0
Quail,nidopallium,91.0
Quail,nidopallium,228.0
Quail,nidopallium,79.0
Quail,nidopallium,60.0
Quail,nidopallium,2287.0
Quail,nidopallium,497.0
Quail,nidopallium,1950.0
Quail,nidopallium,70.0
Quail,nidopallium,64.0
Quail,nidopallium,63.0
Quail,nidopallium,1675.0
Quail,nidopallium,62.0
Quail,nidopallium,226.0
Quail,nidopallium,81.0
Quail,nidopallium,51.0
Quail,nidopallium,219.0
Quail,nidopallium,90.0
Quail,nidopallium,429.0
Quail,nidopallium,309.0
Quail,nidopallium,58.0
Quail,nidopallium,273.0
Quail,nidopallium,304.0
Quail,nidopallium,583.0
Quail,nidopallium,67.0
Quail,nidopallium,480.0
Quail,nidopallium,297.0
Quail,nidopallium,91.0
Quail,nidopallium,53.0
Quail,nidopallium,97.0
Quail,nidopallium,111.0
Quail,nidopallium,68.0
Quail,nidopallium,256.0
Quail,nidopallium,455.0
Quail,nidopallium,415.0
Quail,nidopallium,120.0
Quail,nidopallium,373.0
Quail,nidopallium,148.0
Quail,nidopallium,119.0
Quail,nidopallium,63.0
Quail,nidopallium,212.0
Quail,nidopallium,157.0
Quail,nidopallium,346.0
Quail,nidopallium,343.0
Quail,nidopallium,339.0
Quail,nidopallium,380.0
Quail,nidopallium,443.0
Quail,nidopallium,590.0
Quail,nidopallium,295.0
Quail,nidopallium,565.0
Quail,nidopallium,686.0
Quail,nidopallium,122.0
Quail,nidopallium,73.0
Quail,nidopallium,236.0
Quail,nidopallium,315.0
Quail,nidopallium,300.0
Quail,nidopallium,725.0
Quail,nidopallium,600.0
Quail,nidopallium,819.0
Quail,nidopallium,1016.0
Quail,nidopallium,1040.0
Quail,nidopallium,252.0
Quail,nidopallium,89.0
Quail,nidopallium,481.0
Quail,nidopallium,262.0
Quail,nidopallium,260.0
Quail,nidopallium,614.0
Quail,nidopallium,134.0
Quail,nidopallium,182.0
Quail,nidopallium,57.0
Quail,nidopallium,377.0
Quail,nidopallium,535.0
Quail,nidopallium,300.0
Quail,nidopallium,327.0
Quail,nidopallium,438.0
Quail,nidopallium,371.0
Quail,nidopallium,325.0
Quail,nidopallium,72.0
Quail,nidopallium,512.0
Quail,nidopallium,168.0
Quail,nidopallium,89.0
Quail,nidopallium,301.0
Quail,nidopallium,292.0
Quail,nidopallium,203.0
Quail,nidopallium,256.0
Quail,nidopallium,133.0
Quail,nidopallium,121.0
Quail,nidopallium,192.0
Quail,nidopallium,87.0
Quail,nidopallium,201.0
Quail,nidopallium,98.0
Quail,nidopallium,321.0
Quail,nidopallium,847.0
Quail,nidopallium,85.0
Quail,nidopallium,369.0
Quail,nidopallium,1092.0
Quail,nidopallium,450.0
Quail,nidopallium,289.0
Quail,nidopallium,108.0
Quail,nidopallium,148.0
Quail,nidopallium,86.0
Quail,nidopallium,90.0
Quail,nidopallium,173.0
Quail,nidopallium,191.0
Quail,nidopallium,255.0
Quail,nidopallium,397.0
Quail,nidopallium,68.0
Quail,nidopallium,135.0
Quail,nidopallium,272.0
Quail,nidopallium,270.0
Quail,nidopallium,105.0
Quail,nidopallium,62.0
Quail,nidopallium,54.0
Quail,nidopallium,539.0
Quail,nidopallium,169.0
Quail,nidopallium,642.0
Quail,nidopallium,83.0
Quail,nidopallium,137.0
Quail,nidopallium,271.0
Quail,nidopallium,276.0
Quail,nidopallium,1373.0
Quail,nidopallium,461.0
Quail,nidopallium,237.0
Quail,nidopallium,190.0
Quail,nidopallium,285.0
Quail,nidopallium,130.0
Quail,nidopallium,196.0
Quail,nidopallium,960.0
Quail,nidopallium,191.0
Quail,nidopallium,174.0
Quail,nidopallium,704.0
mouse,SC,751.0
mouse,SC,326.0
mouse,SC,8235.0
mouse,SC,30726.0
mouse,SC,10105.0
mouse,SC,2333.0
mouse,SC,6457.0
mouse,SC,3492.0
mouse,SC,10292.0
mouse,SC,2518.0
mouse,SC,813.0
mouse,SC,8077.0
mouse,SC,708.0
mouse,SC,3222.0
mouse,SC,1419.0
mouse,SC,90.0
mouse,SC,149.0
mouse,SC,21470.0
mouse,SC,4415.0
mouse,SC,28731.0
mouse,SC,32087.0
mouse,SC,2797.0
mouse,SC,2916.0
mouse,SC,1232.0
mouse,SC,1941.0
mouse,SC,1797.0
mouse,SC,37726.0
mouse,SC,4088.0
mouse,SC,655.0
mouse,SC,5113.0
mouse,SC,390.0
mouse,SC,674.0
mouse,SC,6216.0
mouse,SC,2546.0
mouse,SC,6190.0
mouse,SC,2661.0
mouse,SC,4165.0
mouse,SC,8459.0
mouse,SC,2401.0
mouse,SC,2044.0
mouse,SC,692.0
mouse,SC,8264.0
mouse,SC,1198.0
mouse,SC,226.0
mouse,SC,1409.0
mouse,SC,1453.0
mouse,SC,574.0
mouse,SC,5064.0
mouse,SC,514.0
