config,kind,x,lag1,lag2,lag3,lag4,lag5,lag6,lag7,lag8,lag9,lag10,lag11,lag12,lag13,lag14,lag15,lag16
"0.4 Hz config (N=1194, Q_frac=0.15)",event rate (stationary),0.003,-0.00663925502079227,-0.007829353466064068,-0.006584778893802465,-0.0074566727267640805,-0.007449450296581944,-0.0065739379739207454,-0.007690075582303097,-0.007924687313013247,-0.006874100730123231,-0.0076997314573491425,-0.0070436356257241066,-0.0062864714708999415,-0.005920755147620018,-0.005774014778386867,-0.007350912107240387,-0.007608982885965014
"0.4 Hz config (N=1194, Q_frac=0.15)",event rate (stationary),0.01,-0.0075456294292074524,-0.00612160547268484,-0.00649032730024356,-0.007303077401730122,-0.006953112453400422,-0.007198918012451057,-0.006609170676160553,-0.006864164055198226,-0.007049828048821313,-0.006044072502484669,-0.0058743958358257855,-0.007866703573360478,-0.007393572196724258,-0.00583298729765204,-0.006088859197069414,-0.0061732611946467555
"0.4 Hz config (N=1194, Q_frac=0.15)",event rate (stationary),0.03,-0.00698054041049938,-0.006364947350803044,-0.007256449473512878,-0.007377598314159599,-0.007706409276623493,-0.007541614197543204,-0.006108546741345746,-0.0066954772118631425,-0.006923913796405127,-0.007571394343047486,-0.006483212112229197,-0.007853151511784971,-0.007363340933280996,-0.00619362582555141,-0.007427013486647682,-0.006779450808026772
"0.4 Hz config (N=1194, Q_frac=0.15)",event rate (stationary),0.1,-0.006223150291064285,-0.007787909795924219,-0.0062362859123885755,-0.005573431010012197,-0.006296111030828606,-0.0063388670190111405,-0.007023627207942889,-0.006540499180502822,-0.006709311294732783,-0.006494158781197007,-0.007177455477108224,-0.00717066276932457,-0.006571431444321953,-0.0069058823431924375,-0.0059269370963111485,-0.006375988093709658
"0.4 Hz config (N=1194, Q_frac=0.15)",event rate (stationary),0.3,-0.006424343366045991,-0.006169911251616039,-0.0062869536503597084,-0.0066166085987524525,-0.005989468480472435,-0.004933963453464724,-0.005945023112394705,-0.007544193415086037,-0.007094844444498677,-0.005884802449346125,-0.007229305024053653,-0.006540946493718301,-0.00644373831015371,-0.005842925838859289,-0.006626951982465419,-0.0056056888013884705
"0.4 Hz config (N=1194, Q_frac=0.15)",rate x OU,3.0,-0.007412940353575164,-0.008189685914805669,-0.006036180513817913,-0.006625326728792895,-0.007914374435441253,-0.007509033367467028,-0.006277802732918359,-0.005606779801500961,-0.006110718927096071,-0.00584808392943387,-0.006567920616609438,-0.008929070027133956,-0.0068129221844069636,-0.006863706616777863,-0.006480874994069426,-0.007508617350822535
"0.4 Hz config (N=1194, Q_frac=0.15)",rate x OU,10.0,-0.005928205156441791,-0.00648871545234386,-0.007366074870527063,-0.006895379764130606,-0.005789529764170512,-0.0067427695334050216,-0.006454725484593396,-0.005231733459156368,-0.005751885986362314,-0.00637894506491969,-0.006292640261933314,-0.007449092729402233,-0.005072126565964648,-0.0071341042792050545,-0.006696633399768254,-0.006806084743729594
"0.4 Hz config (N=1194, Q_frac=0.15)",rate x OU,30.0,-0.004312368516357119,-0.005787645799517326,-0.006670793611573507,-0.004894811131413561,-0.006005549490296049,-0.007160217015496311,-0.0067363490687794465,-0.007859934951103617,-0.0055818993310567085,-0.0069728055479007876,-0.006788007639713725,-0.00849634553486297,-0.006570736796181869,-0.007701766229937129,-0.007000177479122523,-0.006190316788113993
"0.4 Hz config (N=1194, Q_frac=0.15)",rate x OU,100.0,-0.003660584130485945,-0.0048721262124165055,-0.00528317368441793,-0.004749460015986154,-0.006435158972657193,-0.007153715470377679,-0.005318324204604601,-0.006871835417743625,-0.006552631623440897,-0.006893796038267358,-0.007114426931552545,-0.006900595994964057,-0.006978599876871319,-0.008218080972536268,-0.007757903040443402,-0.006358828701899205
"0.4 Hz config (N=1194, Q_frac=0.15)",rate x OU,300.0,-0.002593327117098971,-0.0050219831358888425,-0.005707802174664606,-0.006625401676125852,-0.0064835015049509856,-0.006748620406282433,-0.0067154568217026415,-0.006378834531438283,-0.006621726075265607,-0.006493369945871942,-0.007226034016283584,-0.00740857520988791,-0.0061971253985742755,-0.007284628795207372,-0.007133344243326832,-0.00731715055041626
"0.4 Hz config (N=1194, Q_frac=0.15)",noise SD x OU,3.0,-0.00033610446199815934,0.0006536702139239996,-0.0011109888777609005,-0.00013964829608367432,-0.0020779005596920914,-0.0021543848012934613,-0.0019050822155747694,0.0003534026965890665,-0.002003677579312081,-0.00261995954730325,-0.0018565531023288207,-0.002337499624742349,-0.0014843829931322375,-0.0019336858865928652,-0.0028103283003548443,-0.0013539647730072882
"0.4 Hz config (N=1194, Q_frac=0.15)",noise SD x OU,10.0,0.03159308167744815,0.02995638138605744,0.029659018036384006,0.028311638665282295,0.027856786344296076,0.02698857882320731,0.026851850969411666,0.023784873855393948,0.023422520705172523,0.022668974022246473,0.0196157881772725,0.01906118076886087,0.01760532713973854,0.015719948564762477,0.015000701066681629,0.013455603338871478
"0.4 Hz config (N=1194, Q_frac=0.15)",noise SD x OU,30.0,0.0939501951171672,0.09160002626812355,0.08345038734132038,0.07813479588226871,0.06915402542998957,0.06233724356057268,0.05550542511982097,0.048157155596658695,0.04151669375687359,0.03640108502836734,0.03166778122673635,0.02688874670666342,0.02378819192071739,0.018360680943874264,0.015513451021407115,0.012724684658449172
"0.4 Hz config (N=1194, Q_frac=0.15)",noise SD x OU,100.0,0.1683835305619764,0.1326122612031596,0.10208550675886871,0.07901761076863478,0.05989662047194567,0.04797946540272536,0.03584421710369391,0.026827028351642804,0.021511200632873324,0.015808662907222017,0.010444756568875155,0.007932236703630432,0.002582202425233864,0.00045639090417098243,-0.0035140056923675094,-0.005379708662935405
"0.4 Hz config (N=1194, Q_frac=0.15)",noise SD x OU,300.0,0.15826110482936115,0.09003985623442444,0.055332123233852844,0.03297108828381581,0.0201377890067544,0.011872709688054078,0.006593887434087758,0.0030089444161766656,-0.0023887192128200065,-0.0037048364945809448,-0.007553715260492918,-0.006889966586399054,-0.009126259926206085,-0.008609219899806456,-0.00886522264157229,-0.008725745448440968
"0.4 Hz config (N=1194, Q_frac=0.15)",+ additive drift,3.0,-0.0038994139278236816,-0.0046393125616979135,-0.004625254674548457,-0.003314488194042347,-0.004363530663713699,-0.004815114340431398,-0.004386618676164811,-0.004093367380697095,-0.005140425768201484,-0.00379007662537489,-0.003915426732535747,-0.004549564685616306,-0.004268341984179968,-0.0043289410789800736,-0.0048469213882043356,-0.0054032976841858526
"0.4 Hz config (N=1194, Q_frac=0.15)",+ additive drift,10.0,-0.005674360834687277,-0.006379774631089193,-0.005632887769538077,-0.005953423778518146,-0.005316949608688975,-0.005562188137787834,-0.0058984804825214275,-0.005727723299265362,-0.006053228721990904,-0.005734621850766613,-0.006140879020473958,-0.00469261516159862,-0.006209848086982953,-0.005127856379337179,-0.006063164453425093,-0.005758191530540988
"0.4 Hz config (N=1194, Q_frac=0.15)",+ additive drift,30.0,-0.006581572883162099,-0.006807334226965479,-0.007541224881505135,-0.007347320900248171,-0.006102421129382215,-0.006325307838749869,-0.005875622837263379,-0.006335276513313529,-0.005531057113648907,-0.0058648047847074825,-0.006967090864221647,-0.00630450733605716,-0.00849284909086509,-0.006354748371502303,-0.006193566257676477,-0.006124883021066507
"0.4 Hz config (N=1194, Q_frac=0.15)",+ additive drift,100.0,-0.00708285010818425,-0.006272607756616344,-0.006984942447336353,-0.005846739201925533,-0.006954346703868617,-0.006022008217838606,-0.006874343764877478,-0.006365338704126325,-0.006806264689073679,-0.005649519468867011,-0.006528569431111263,-0.005957653630060207,-0.006636812054721089,-0.0077522367526558136,-0.006263413090029895,-0.006928554375341383
"0.4 Hz config (N=1194, Q_frac=0.15)",+ additive drift,300.0,-0.006376913437074784,-0.006258565185195833,-0.0063758065835034594,-0.0078033963746055365,-0.0069323551744687,-0.006087365860085329,-0.006418747394895961,-0.007465484873227609,-0.00723543443112574,-0.007151024474649279,-0.006625461413601005,-0.007036257125879782,-0.00689774132752418,-0.008114699876036208,-0.007420481052989191,-0.00690250660351173
"0.4 Hz config (N=1194, Q_frac=0.15)","floor-clipped, rate x OU",0.0,-0.003819985369428143,-0.004891840248806282,-0.004663135264565358,-0.004763518749650272,-0.005578320889619087,-0.0044565141580770315,-0.004081394088247825,-0.0038712742787319282,-0.004735284506755802,-0.00392709344990691,-0.00391691459457358,-0.003285889885933119,-0.004628956489398169,-0.005447105901487296,-0.004924925359488579,-0.0044188812345728875
"0.4 Hz config (N=1194, Q_frac=0.15)","floor-clipped, rate x OU",3.0,0.0003074967205978611,0.0020474617421398344,0.002109305166279342,0.0012008040319748056,0.0015857726782821276,0.0009293397020375293,0.001903759679563643,0.000618361964338735,0.001316901018276457,0.0006992715735391933,0.0007176022192859996,0.00024866511126310617,-5.288377450301526e-05,0.0005107412575876913,0.0003125485192245843,-0.0008256126391512891
"0.4 Hz config (N=1194, Q_frac=0.15)","floor-clipped, rate x OU",10.0,0.019505320432856414,0.019927449983771776,0.01962769846225217,0.01975502859162254,0.01911552437188439,0.01650336250176509,0.017403582441812056,0.015608956862708028,0.01569954639718551,0.01487853766576532,0.012546656950928358,0.013153884860302011,0.010001119698875023,0.010232634066662957,0.010104719487995416,0.008652475044027174
"0.4 Hz config (N=1194, Q_frac=0.15)","floor-clipped, rate x OU",30.0,0.06896879926294562,0.06407603606324733,0.05845037092840217,0.0532410597500488,0.0466882562712291,0.04058677403510534,0.03302072219802119,0.028985014032677902,0.025881726152581254,0.02166154810222407,0.018412852124001386,0.0157110387809608,0.01043363378577108,0.008691458285755732,0.006886165772776643,0.004507703497679997
"0.4 Hz config (N=1194, Q_frac=0.15)","floor-clipped, rate x OU",100.0,0.14665584030216294,0.1079466916674361,0.07632174460720406,0.05441664869722369,0.040042576508525884,0.028893615008002797,0.019600531839951134,0.014469494259779421,0.009819221446734805,0.0056968261241736,0.002159938560211807,0.001368221582984625,-0.0014111945100740303,-0.004476066412473669,-0.0041449597453251785,-0.006183493884932732
"0.4 Hz config (N=1194, Q_frac=0.15)","floor-clipped, rate x OU",300.0,0.1587297584349787,0.07810804621801999,0.041532255728594494,0.023529930043154387,0.014221429561953129,0.006785440737728222,0.002556731108239076,-0.0007708223514112924,-0.0025754569823230717,-0.00323982776557153,-0.004721047229340488,-0.005502767706287727,-0.00677308104894691,-0.007727080206268344,-0.0065724674139509935,-0.00752645136495949
"0.4 Hz config (N=1194, Q_frac=0.15)","floor-clipped, depth (tau 100 s)",0.0,-0.006233625857366899,-0.0054079640850113984,-0.005118011694971324,-0.0041057854389171455,-0.0037358203186779373,-0.004844991266457323,-0.004231343437692849,-0.00317801822783146,-0.0034828407521956756,-0.0032525590664260456,-0.00517823948088162,-0.004186418272939211,-0.004932460295011638,-0.004625671330239544,-0.004879371415307094,-0.00567184631015176
"0.4 Hz config (N=1194, Q_frac=0.15)","floor-clipped, depth (tau 100 s)",1.0,0.14550175721148184,0.10907017537932147,0.07864466006148538,0.055874629497445906,0.04150628926151578,0.028097519561472037,0.019816421348529862,0.013526143025426283,0.008828258561871303,0.004097269097983678,0.0024967079423258744,-0.00015682724096281102,-0.0012831453686625615,-0.003233284760413533,-0.003948944283980967,-0.0061684213491874276
"0.4 Hz config (N=1194, Q_frac=0.15)","floor-clipped, depth (tau 100 s)",2.0,0.3055299567770596,0.256332619002105,0.20791300554429537,0.1699875515481271,0.1363576103461144,0.11370860475654282,0.09404248756925966,0.07773814121836033,0.06450331773302055,0.053090034215735694,0.04203713476024652,0.03160925038491423,0.026382163498628736,0.016537718601910743,0.012947028053969365,0.008327694588522524
"0.4 Hz config (N=1194, Q_frac=0.15)","floor-clipped, depth (tau 100 s)",3.0,0.31009652770357377,0.27394857838535197,0.24099439360023364,0.21155852229715522,0.18362608056842136,0.1606586118626818,0.14222321563162768,0.12488638744371537,0.10922420367191726,0.09504669566810847,0.08429581486379452,0.07229299273994194,0.0626022954332868,0.05325317322378377,0.04528939447151348,0.03873710290789441
"0.3 Hz config (N=1260, Q_frac=0.15)",event rate (stationary),0.003,-0.008267348951015965,-0.008849331872866562,-0.00773573132018453,-0.00811231168683078,-0.009739373218362019,-0.007879890038718232,-0.00851963967302615,-0.008937108199032616,-0.007159976646241975,-0.008618253537497764,-0.00871971991166505,-0.00877308471036139,-0.009531447928242594,-0.009686799926260458,-0.00918486863253979,-0.00818547586910798
"0.3 Hz config (N=1260, Q_frac=0.15)",event rate (stationary),0.01,-0.009536579764907217,-0.00855406517492147,-0.009068290317197051,-0.011041951649837583,-0.00786678996129603,-0.009195119154846972,-0.007843492434917793,-0.007514647390342526,-0.008599484966464377,-0.00824023693997517,-0.007275992065364595,-0.007770959318908914,-0.008294294013191832,-0.008270745121183,-0.008619941658531461,-0.008408498975517854
"0.3 Hz config (N=1260, Q_frac=0.15)",event rate (stationary),0.03,-0.00865983497575255,-0.008867797404055347,-0.007690395085164805,-0.008435497898792636,-0.007562501669974588,-0.00828211138267996,-0.0081817352308069,-0.008636665343866954,-0.00862980710228942,-0.007986774595888015,-0.007757363323189953,-0.009506495388813693,-0.008833422509870315,-0.00925370012768636,-0.007797189731024432,-0.008961209228707636
"0.3 Hz config (N=1260, Q_frac=0.15)",event rate (stationary),0.1,-0.008156231151778317,-0.009456380788827486,-0.00797606971992134,-0.007558681507610646,-0.008371249483543798,-0.008290799673774777,-0.006529749679923888,-0.00833039050899287,-0.009404603363099291,-0.009522184559230094,-0.00911216050492661,-0.008299305268602692,-0.007036464250695738,-0.0077048366893151385,-0.008423619018128999,-0.008012875082196533
"0.3 Hz config (N=1260, Q_frac=0.15)",event rate (stationary),0.3,-0.0050565428399515925,-0.007957805564946619,-0.006590289626900374,-0.007033198091353306,-0.006490905627596358,-0.0069570641240712956,-0.007890592138653656,-0.007203028240927393,-0.006009830056117177,-0.005260784554785362,-0.007782586368729712,-0.006198398401773825,-0.007250095732574863,-0.007265257223791722,-0.006864360401793005,-0.0064770299774313395
"0.3 Hz config (N=1260, Q_frac=0.15)",rate x OU,3.0,-0.007260442779279336,-0.008366072484604697,-0.007087344926645265,-0.006781829737988174,-0.008937623371549417,-0.00860186923373908,-0.008640230676875556,-0.007546478227336731,-0.008699964995577293,-0.008389271032040643,-0.009328448301334969,-0.008706022608752603,-0.008174427068272705,-0.007498437266065654,-0.007059920471426179,-0.008094423051775617
"0.3 Hz config (N=1260, Q_frac=0.15)",rate x OU,10.0,-0.008019867212254944,-0.007441561000039557,-0.008170405830663256,-0.008036799558469717,-0.008434943381151446,-0.007306295593403759,-0.00764879479527641,-0.008024138452756385,-0.00913921965840989,-0.006780498094190254,-0.00980882401658934,-0.007568773487241125,-0.007065008213455231,-0.00891941350013958,-0.007163622215530064,-0.008168039871803439
"0.3 Hz config (N=1260, Q_frac=0.15)",rate x OU,30.0,-0.006829008536857961,-0.007433183127097859,-0.006415037184366442,-0.007767570950218953,-0.007896545999817522,-0.007120632383794705,-0.007310579186397095,-0.006411370332027671,-0.008308240183700414,-0.007390940271870256,-0.007959748328384685,-0.008977801060863615,-0.007694475012265136,-0.007407700588416451,-0.006671134854448897,-0.008887973382297694
"0.3 Hz config (N=1260, Q_frac=0.15)",rate x OU,100.0,-0.003841621683859712,-0.005452804716916783,-0.006866568713761377,-0.006810374374190366,-0.007208742781189236,-0.008809957264214017,-0.007297127690634542,-0.008001766310004464,-0.00842098880925166,-0.007616574409544487,-0.007636047335104101,-0.007519461445900201,-0.00818119892090494,-0.007802246410585155,-0.007862171810696487,-0.008410102728083006
"0.3 Hz config (N=1260, Q_frac=0.15)",rate x OU,300.0,-0.0024653156200769226,-0.005529245264431735,-0.005770889195146949,-0.007840665563578035,-0.007702449839874803,-0.008608082937522785,-0.008841457739793683,-0.007959406911008764,-0.007767096911561304,-0.008426854760353621,-0.009193169808519636,-0.00866773670582837,-0.008488379450512475,-0.009180026578025566,-0.008656147793736305,-0.008252916619396415
"0.3 Hz config (N=1260, Q_frac=0.15)",noise SD x OU,3.0,-0.004283850902894983,-0.006181016687970843,-0.005393111404478724,-0.004836166692364949,-0.005936532021151425,-0.0030168725766259474,-0.003873461270060626,-0.004932399812574591,-0.00451586587870275,-0.006089387346017468,-0.005435891804676554,-0.005975495461974924,-0.006118860451794154,-0.006409001861730487,-0.006422185409066129,-0.005134147644819395
"0.3 Hz config (N=1260, Q_frac=0.15)",noise SD x OU,10.0,0.018382767026906173,0.01759406525696151,0.017983658605687076,0.017517843956557016,0.015711495304699074,0.017238526557741,0.01600595162148875,0.014567849225721312,0.013215057945327704,0.012683994731794691,0.010479823398042884,0.009673316816220842,0.009519971472538072,0.00808735756135405,0.005592210237396911,0.0073513690153011145
"0.3 Hz config (N=1260, Q_frac=0.15)",noise SD x OU,30.0,0.07570472203095138,0.0712150671349419,0.06693263800182392,0.05928909609253649,0.05410989871648768,0.04814196055841456,0.04131115191396049,0.036543203526307085,0.030174933517503458,0.025414748306177796,0.021042097593701757,0.01658021094187444,0.013131810489526857,0.011296073780220335,0.007376635928086595,0.00527551753197504
"0.3 Hz config (N=1260, Q_frac=0.15)",noise SD x OU,100.0,0.14098783214832186,0.11294857993433352,0.08590424096974673,0.06503079879522211,0.049234630012736175,0.03625622477102499,0.0281632326497084,0.01871064387361884,0.01184973717942527,0.008839366733406183,0.003787954997597364,-0.00014621965833879304,-0.0015509991950665128,-0.00467127449512643,-0.006929485285348922,-0.01079800762806058
"0.3 Hz config (N=1260, Q_frac=0.15)",noise SD x OU,300.0,0.13723242128778565,0.07872251421296506,0.0463519337898666,0.028043893431427266,0.016763273075533585,0.009473699447559507,0.004207165135575241,-0.0005542273481150487,-0.00299297500125886,-0.004994865539426288,-0.007076269286447669,-0.008443931975329708,-0.008733062589778075,-0.008754668491790844,-0.010102308127580562,-0.010584702501801371
"0.3 Hz config (N=1260, Q_frac=0.15)",+ additive drift,3.0,0.0006141110891796831,0.00010953417046029864,-0.00032231644652279173,-0.0010468041652743787,-0.000880394826191758,-0.0012127451784450997,-0.002691032564176114,0.000447157080670955,-0.0015727330499076383,-0.0004968255372300943,-0.002673159215166082,-0.0022360209829872762,-0.0024406843105557003,-0.0026770449268835555,-0.0029961380463109366,-0.0016433893988254684
"0.3 Hz config (N=1260, Q_frac=0.15)",+ additive drift,10.0,-0.0030475624549340078,-0.0039771653423756916,-0.0025135929616223063,-0.005148512899022017,-0.004053123130588968,-0.0038549011818984707,-0.0037194178999516276,-0.005489000924449635,-0.004735834174367793,-0.004037052377599909,-0.003540803694725832,-0.004092154893327705,-0.004574594778647065,-0.005617039916476146,-0.005373640753510741,-0.003951688667933947
"0.3 Hz config (N=1260, Q_frac=0.15)",+ additive drift,30.0,-0.00704322584810489,-0.00843231909550536,-0.006091908046714265,-0.00761699333495922,-0.006203503341673299,-0.007328648952262051,-0.006431382565798736,-0.006270186047727982,-0.006746285758031082,-0.007629413971179963,-0.007227370112585639,-0.006506515840638798,-0.006083941399027174,-0.005996263932568599,-0.00726952822980675,-0.007652416711258461
"0.3 Hz config (N=1260, Q_frac=0.15)",+ additive drift,100.0,-0.009307930346828855,-0.007569423028282879,-0.00859628818896135,-0.008397373071444232,-0.008754809166796464,-0.006401817864501705,-0.007609945666207546,-0.008401216622400688,-0.007104109800573592,-0.008095906569439123,-0.007407027345373115,-0.007113913863166483,-0.007608031652009456,-0.008111141643495148,-0.007468334649665877,-0.0075836238831466255
"0.3 Hz config (N=1260, Q_frac=0.15)",+ additive drift,300.0,-0.00953072261827472,-0.0090981618388971,-0.00889042032525411,-0.008431028668122877,-0.008949230096385966,-0.009161503372409797,-0.007879125299746655,-0.007381329057240264,-0.008115394008655588,-0.007903660884731944,-0.008372729853494736,-0.007446764792348336,-0.008849732070278588,-0.008964482492430268,-0.007513854138983508,-0.007949000670788619
"0.3 Hz config (N=1260, Q_frac=0.15)","floor-clipped, rate x OU",0.0,-0.006471682937650359,-0.00577659475213439,-0.0075862714619898755,-0.005774272396796404,-0.007864033530099025,-0.005809542572161905,-0.008231720234499657,-0.007633181843734241,-0.00717551971590659,-0.00776390948661669,-0.006091455387369744,-0.007848774504783834,-0.006920590275895696,-0.0077132622783338866,-0.005897281581486789,-0.005668900986920833
"0.3 Hz config (N=1260, Q_frac=0.15)","floor-clipped, rate x OU",3.0,-0.00014970578439032125,-0.0013634583014838664,5.542774009133855e-05,-0.0005076884650625805,-0.0013784960981487351,-0.0019677535924031483,-0.0010998699055225108,-0.0028752109032135977,-9.666654906831943e-05,-0.0019676251580077087,-0.0016610883980360078,-0.0008203545607891682,-0.001671602685598486,-0.0034408236727448923,-0.002301468363224074,-0.003391567927851832
"0.3 Hz config (N=1260, Q_frac=0.15)","floor-clipped, rate x OU",10.0,0.014733007639427904,0.015851583302366856,0.014077039048020087,0.01340387906451832,0.01481232313386194,0.01279258682232718,0.012540407578247748,0.010573299217886852,0.011916089809560151,0.009031091483227685,0.010186662244330008,0.006875512917989921,0.005302084208129632,0.0043793510035262115,0.004602876363220253,0.0029808103201599875
"0.3 Hz config (N=1260, Q_frac=0.15)","floor-clipped, rate x OU",30.0,0.06410956848694815,0.058782417345549634,0.056229925106065504,0.049091910220411004,0.043995028386021325,0.037260801693405406,0.0325357376322526,0.0257489149197369,0.022595668210033122,0.017254766359397725,0.014693521019036076,0.011073987343770348,0.008187280939816735,0.0044977272061158665,0.003965670527156335,0.0012456319755492888
"0.3 Hz config (N=1260, Q_frac=0.15)","floor-clipped, rate x OU",100.0,0.14624544782658208,0.10823247774164321,0.07797959144688499,0.05560969879898631,0.04041161422030354,0.026148309130892385,0.019041627331841882,0.010863075794835374,0.0064585248042039484,0.0016037375800958468,-0.0007741238624442687,-0.004045676756001413,-0.0061154703976375145,-0.008414732816994655,-0.009454403374311521,-0.011117347022337173
"0.3 Hz config (N=1260, Q_frac=0.15)","floor-clipped, rate x OU",300.0,0.16662207115136293,0.08224936034807842,0.043604605554967306,0.024171290386519165,0.013222599195749718,0.004865539139122315,-0.000679949270145838,-0.0034923068085369433,-0.005864272164031096,-0.006359339238407109,-0.008375680463112179,-0.008653651902537425,-0.008396809985529514,-0.010529522319574427,-0.010483348788891999,-0.010891510452217966
"0.3 Hz config (N=1260, Q_frac=0.15)","floor-clipped, depth (tau 100 s)",0.0,-0.006262704587732663,-0.007414243158433926,-0.0064142758048991635,-0.006847636314447815,-0.006628372178599693,-0.005996906259033132,-0.006357497302016267,-0.006137975573597374,-0.005946503610659366,-0.007059292727935872,-0.006883081689339735,-0.008256410142026757,-0.0061558029450736575,-0.006006316219540163,-0.0081647649420454,-0.006250226937727463
"0.3 Hz config (N=1260, Q_frac=0.15)","floor-clipped, depth (tau 100 s)",1.0,0.14381205746411033,0.11073141820586156,0.07875237293422517,0.05621474742146538,0.03866155003543472,0.02716398905441115,0.01779408858555391,0.011473788095259478,0.007158833906515008,0.0018939329779139116,4.234319327130169e-05,-0.0038312005269700825,-0.006546000706379955,-0.00839851249914659,-0.009509401570580781,-0.01132732997260426
"0.3 Hz config (N=1260, Q_frac=0.15)","floor-clipped, depth (tau 100 s)",2.0,0.3036182354840755,0.2537391199052275,0.20873057883575602,0.1677240280776005,0.13937750106082614,0.11264468575048601,0.0917039653478141,0.0766133030515795,0.05915965032175748,0.04742628690698827,0.03799601896981046,0.029088910123738744,0.01937965817391975,0.012277749464154624,0.005744379745988284,0.0007569106529007874
"0.3 Hz config (N=1260, Q_frac=0.15)","floor-clipped, depth (tau 100 s)",3.0,0.31120151107214633,0.27695874187864417,0.24356858243500418,0.20984570812021464,0.1840968981070051,0.15986887775686384,0.14117877025095446,0.1218194693069859,0.10423579195968512,0.09060283097289874,0.07930018108220695,0.06430694645519099,0.05544939646917423,0.04550420920735576,0.03768664035016237,0.028112315122559392
"0.1 Hz config (N=1080, Q_frac=0.30)",event rate (stationary),0.003,-0.015553502683117951,-0.017044999879285816,-0.01597708548758915,-0.015324355708616266,-0.015580423160369032,-0.015215081416168525,-0.015932241673755256,-0.016218651003966394,-0.015804099311991397,-0.01430998728544157,-0.013701356454333449,-0.014200877038023472,-0.014186106102025855,-0.01576272805143339,-0.013862970229834905,-0.012369517397807105
"0.1 Hz config (N=1080, Q_frac=0.30)",event rate (stationary),0.01,-0.013281192570975998,-0.014090216674430618,-0.014341782026373321,-0.015732847865852946,-0.01479885550136744,-0.014215560996525614,-0.01580175696084614,-0.015451222805081924,-0.014673456648690514,-0.014509780604321947,-0.01617300399746281,-0.011402893736847226,-0.01382372515014095,-0.014123787698582628,-0.014926110602519482,-0.013443599334364486
"0.1 Hz config (N=1080, Q_frac=0.30)",event rate (stationary),0.03,-0.014293328544694606,-0.012722240390410023,-0.014924100171043488,-0.01280375613307325,-0.013253127251948894,-0.013700002405257814,-0.014089775980116659,-0.014543739091113032,-0.014527743087146156,-0.014413738536230451,-0.01119530563018351,-0.013672171213710657,-0.013501036476697738,-0.013936410686850007,-0.012266051540880762,-0.011055434513393844
"0.1 Hz config (N=1080, Q_frac=0.30)",event rate (stationary),0.1,-0.008093351444733549,-0.005809987601343263,-0.007817494388553378,-0.00703483669777224,-0.006088089433057371,-0.00753168240960534,-0.007893557719989109,-0.008841172017171167,-0.007030874014885265,-0.007505275180702352,-0.007905646047453604,-0.007369048011089291,-0.0075965304131497095,-0.006502215916175843,-0.009052202534985645,-0.006483610594225485
"0.1 Hz config (N=1080, Q_frac=0.30)",event rate (stationary),0.3,0.004750794978945876,0.004065687899506083,0.002255533245028097,0.003685234323396851,0.003968889534612116,0.003329033040407187,0.0005915852848174953,0.0034667055206012783,0.0017667227976126505,-0.000995312628520773,0.0012418669925433224,0.0002982331351125611,-0.0010546312988970793,-0.0004580582317504669,-6.383265510969645e-05,-0.002498001111296314
"0.1 Hz config (N=1080, Q_frac=0.30)",rate x OU,3.0,-0.0009849079314731921,0.0021728379097740364,0.000884272952705644,-0.0002791882696463923,-0.0017215301404339728,-0.0005796048948895302,-6.290472115924347e-05,-0.0008567576375748756,-0.0010659648587199335,-0.00199460997297522,-0.0022968096657196195,-0.0016284589371076223,-0.004699175219004811,-0.0015516490061189669,-0.004025453200037373,-0.0036503622572699513
"0.1 Hz config (N=1080, Q_frac=0.30)",rate x OU,10.0,0.0019141004366279098,0.002238187555341185,0.0005868536670781862,0.0022616141644099304,-0.0006458392083423068,0.00033732643174996216,-0.00027496579824869144,0.0006480805194213055,-0.0012180133516219679,-0.0004397991948545077,-0.0017894311485313254,-0.0024097538784438647,-0.0052430905695196465,-0.0018409123711256154,-0.002581604100188574,-0.005731910021874045
"0.1 Hz config (N=1080, Q_frac=0.30)",rate x OU,30.0,0.009296267385635897,0.003850496527972429,0.0031879938543655476,0.0011062314098875259,0.0019099993139108085,0.00026278395049819057,-0.003396748138428596,-0.003015837260095626,-0.002079621356522932,-0.004325981692011137,-0.006442006665846815,-0.00481272269552576,-0.006347053352960607,-0.006786858561111316,-0.0074106267086140685,-0.008153111600692682
"0.1 Hz config (N=1080, Q_frac=0.30)",rate x OU,100.0,0.019763764343347104,0.010952444984161647,0.004313110338639294,-0.0008290443118777103,-0.003228330502008365,-0.006027470066061568,-0.00552878211548692,-0.0068364961751627516,-0.009748301901072167,-0.00777663656489753,-0.01003735386457387,-0.010739229511257564,-0.008782492013715136,-0.011494278077297703,-0.010320312217731852,-0.009070217843057136
"0.1 Hz config (N=1080, Q_frac=0.30)",rate x OU,300.0,0.02124008600150422,0.003124417053358328,-0.0018315814208810846,-0.004893926656477796,-0.0067834487885739,-0.008820183196805251,-0.0071694303804375565,-0.008234169800427654,-0.010586523948424761,-0.009040747000564951,-0.009330148563271641,-0.0093384462601441,-0.010137395009476568,-0.009769556811794398,-0.010824095132113902,-0.007300964538116714
"0.1 Hz config (N=1080, Q_frac=0.30)",noise SD x OU,3.0,-0.005251912490869955,-0.004996926963085965,-0.004881075665291958,-0.0045016995917427395,-0.005029063138097277,-0.0059900783821825055,-0.006495630927142783,-0.006190249164873193,-0.004045383287298223,-0.006316340573099028,-0.007005950228873083,-0.007791898721216909,-0.005237019406893855,-0.0065045456256593555,-0.00576944851757158,-0.008163483177640806
"0.1 Hz config (N=1080, Q_frac=0.30)",noise SD x OU,10.0,0.00431362977556188,0.0036301591048322197,0.0006297878459493497,9.700557699541389e-05,0.0003897147685566033,-0.0005802273294062913,3.699051574000831e-05,-0.0011266433958010463,-0.00034260939449931094,-0.0014720470840010364,-0.001873336060162543,-0.0031923904202825755,-0.003562852929468327,-0.004129104786159594,-0.003890483856894901,-0.003518571199084811
"0.1 Hz config (N=1080, Q_frac=0.30)",noise SD x OU,30.0,0.028179424149085787,0.024008671525878586,0.020223613069366955,0.018379275297961333,0.01686964568712749,0.011696137886361105,0.00813878951908422,0.005867699160350314,0.0049801331616599115,0.0005075558454084679,0.0011016597680289625,-0.0030175793512760975,-0.0029714051311321814,-0.006192176864695219,-0.00507706763047499,-0.010619120971776062
"0.1 Hz config (N=1080, Q_frac=0.30)",noise SD x OU,100.0,0.05538617506506734,0.04129508683087513,0.02921588810037489,0.020586151964865053,0.01277104112700332,0.008347025743265464,0.00620532975763482,0.00019177990416820287,-0.0006895229193902643,-0.0028577242525366737,-0.0038966329161784744,-0.004650786328935917,-0.007793853251353185,-0.007191622534663167,-0.008796935779382732,-0.010072308021047338
"0.1 Hz config (N=1080, Q_frac=0.30)",noise SD x OU,300.0,0.05670829120327554,0.02866954926418929,0.015538505450874348,0.009960679209657198,0.0050868479752046655,0.0038954699080458585,0.0007824440452877245,-8.312207575030796e-05,-0.0014929452636192589,-0.002409352492250347,-0.001984201066671741,-0.004209117305535819,-0.00228819096297772,-0.004308120112080301,-0.005244714857564792,-0.005727571143250847
"0.1 Hz config (N=1080, Q_frac=0.30)",+ additive drift,3.0,0.03558196220028497,0.03511113672453398,0.03307757310693124,0.030855233227628006,0.030444275184528125,0.028368132613236455,0.028343178195521592,0.027260080717185404,0.027374220399983745,0.025017897569431298,0.02357870116717284,0.02428989854514847,0.02310848226588904,0.020514485865109226,0.021738511235670673,0.018841298207435617
"0.1 Hz config (N=1080, Q_frac=0.30)",+ additive drift,10.0,0.05343153567785148,0.05317255794043641,0.050565303971115444,0.04583986216172704,0.04952057712785425,0.04651694822629762,0.043949205656788844,0.04340445342072901,0.04141635450895351,0.04014644089860918,0.038260850565289016,0.03648614539899305,0.03473188047776354,0.03303078838448297,0.03399957021503357,0.03231529688931521
"0.1 Hz config (N=1080, Q_frac=0.30)",+ additive drift,30.0,0.035496531004752384,0.03548603479534745,0.03266689848741979,0.03503445247267808,0.031069746809552014,0.028914016711216708,0.028098528727610206,0.02822572209359786,0.027234172720603876,0.024643221799669362,0.024134895721354657,0.02339764045247427,0.023334198648367815,0.02307588174166189,0.02098521406862133,0.0199472158368795
"0.1 Hz config (N=1080, Q_frac=0.30)",+ additive drift,100.0,0.013455437959421862,0.010585986482070424,0.012068054386736098,0.011180073622844613,0.009536695532528689,0.008841245476237604,0.009346418581331815,0.009823597697535352,0.008103992757315461,0.005417541538015995,0.005624899946357165,0.008116174415093708,0.003862836447609152,0.005374612461263504,0.006448818670296909,0.002424844056859877
"0.1 Hz config (N=1080, Q_frac=0.30)",+ additive drift,300.0,0.0036209694961633295,0.0030562177284677123,0.0025066760314354313,0.0007805494650286317,0.0006718134894765045,0.001018492349129397,0.00016250638731144472,-0.000628714334872149,-0.0009373087292304356,0.0004127504980082746,-0.0011012027978948744,-0.003118043980710513,-0.001146807215530942,-0.004027111510254478,-0.002567486371581344,-0.0028715995489850448
"0.1 Hz config (N=1080, Q_frac=0.30)","floor-clipped, rate x OU",0.0,-0.010115969623341823,-0.010607662330751666,-0.01027431741409501,-0.010530954936683079,-0.01215897009948957,-0.009979915137753948,-0.01189425470194168,-0.011427482000734752,-0.012074810282689277,-0.013203438931634854,-0.013179149957163858,-0.012313343830719838,-0.012595869046819018,-0.011560577852780474,-0.011138061440658958,-0.01204956968966904
"0.1 Hz config (N=1080, Q_frac=0.30)","floor-clipped, rate x OU",3.0,0.009094852876162709,0.007960399935816142,0.006776287430435227,0.005086894788200745,0.007033776632543345,0.005133950798661776,0.006016965032685512,0.004399688497506703,0.0020185912414311504,0.0027231784182897806,0.002434687545221655,0.0006047135513624027,0.00033584854854536714,0.0023663026134754547,0.0013928827675182905,0.002556088846058147
"0.1 Hz config (N=1080, Q_frac=0.30)","floor-clipped, rate x OU",10.0,0.04068850662150503,0.03932763462937627,0.03764686288557039,0.0342991010363832,0.0346994988782089,0.03174097194898791,0.02863808504975261,0.026022715777806255,0.023001050858349952,0.025788865832339254,0.019870929523387287,0.016952041469819715,0.0174005222194545,0.012877064628809049,0.011480966234219191,0.010366935172412021
"0.1 Hz config (N=1080, Q_frac=0.30)","floor-clipped, rate x OU",30.0,0.0961956473764384,0.08961761519482427,0.08048224517586805,0.07153413143344658,0.05816053031055689,0.04729749076265148,0.03911523412385885,0.032916924608071385,0.02397776407731488,0.016352365232431876,0.014187247073288013,0.00790424208537006,0.003247411373834775,-0.0005227477715772727,-0.0065679152023588455,-0.009819387083003355
"0.1 Hz config (N=1080, Q_frac=0.30)","floor-clipped, rate x OU",100.0,0.18818598592646257,0.13340648481504955,0.09288513515205958,0.06242161134661127,0.04055522956703153,0.025093337101949827,0.013147619799423733,0.0038938024247044383,-0.0011414875446017943,-0.009713846405340319,-0.011971152555619546,-0.016409335308147997,-0.019794591141731977,-0.020964164043436557,-0.023759139561450943,-0.02402929569755863
"0.1 Hz config (N=1080, Q_frac=0.30)","floor-clipped, rate x OU",300.0,0.18534090392118782,0.08702541996839096,0.04443230865855057,0.020748788437853254,0.0061904826989875586,-0.0019751719049127306,-0.007317268914112304,-0.011516688276777784,-0.014551382491081004,-0.017698008860306636,-0.01981321571468792,-0.019348847003782296,-0.021260394615648645,-0.022899200509838857,-0.022284285411088664,-0.023672166524000386
"0.1 Hz config (N=1080, Q_frac=0.30)","floor-clipped, depth (tau 100 s)",0.0,-0.009520993168954318,-0.012058881506105481,-0.009435628143885152,-0.010009768836534963,-0.010224964978584718,-0.009621979602352096,-0.012615325011955456,-0.010488692893751954,-0.011259366707895008,-0.011028433699578446,-0.011864583631540047,-0.012445459365553859,-0.012180791412070263,-0.009973404382216881,-0.013128314912809958,-0.008797815714608389
"0.1 Hz config (N=1080, Q_frac=0.30)","floor-clipped, depth (tau 100 s)",1.0,0.18812951580509252,0.13607231757722738,0.09340333840128806,0.060990173145631175,0.04320411577714725,0.025759549536387368,0.012654048614974265,0.004886257226900345,-0.004422653168151705,-0.007320157555967524,-0.01432634415590016,-0.01718151822721106,-0.018926829261455905,-0.01983764478928026,-0.023740378417588453,-0.02171672093736498
"0.1 Hz config (N=1080, Q_frac=0.30)","floor-clipped, depth (tau 100 s)",2.0,0.35705987221285246,0.2997857427101431,0.24296245826719343,0.19512779404224165,0.15564045389998415,0.12499255464331352,0.09900808157802493,0.07814660708852221,0.05738393222094445,0.04325912101542674,0.028030069807650933,0.013890896761193252,0.00398345435717421,-0.00486156270136183,-0.012597022770468522,-0.017653218493863143
"0.1 Hz config (N=1080, Q_frac=0.30)","floor-clipped, depth (tau 100 s)",3.0,0.35332009921441293,0.3127724458372454,0.2738943176120415,0.24258975423805268,0.2123315784065464,0.18456988816581413,0.15986911805110132,0.1371922698455631,0.11776480485259008,0.09950992519603988,0.08361948512907386,0.06936052286066015,0.059408880121062775,0.04672388424078867,0.0375524078742145,0.026849112227752957
